Date,CPI
1999-01-01,
1999-01-04,5.63
1999-01-05,5.57
1999-01-06,5.56
1999-01-07,5.53
1999-01-08,5.41
1999-01-11,5.37
1999-01-12,5.46
1999-01-13,5.6
1999-01-14,5.67
1999-01-15,5.62
1999-01-18,5.63
1999-01-19,5.55
1999-01-20,5.49
1999-01-21,5.54
1999-01-22,5.59
1999-01-25,5.56
1999-01-26,5.54
1999-01-27,5.54
1999-01-28,5.53
1999-01-29,5.53
1999-01-31,5.6
1999-02-01,5.54
1999-02-02,5.49
1999-02-03,5.45
1999-02-04,5.41
1999-02-05,5.36
1999-02-08,5.36
1999-02-09,5.41
1999-02-10,5.35
1999-02-11,5.33
1999-02-12,5.24
1999-02-15,5.22
1999-02-16,5.25
1999-02-17,5.29
1999-02-18,5.23
1999-02-19,5.23
1999-02-22,5.31
1999-02-23,5.26
1999-02-24,5.22
1999-02-25,5.15
1999-02-26,5.21
1999-02-28,5.21
1999-03-01,5.15
1999-03-02,5.24
1999-03-03,5.2
1999-03-04,5.2
1999-03-05,5.28
1999-03-08,5.3
1999-03-09,5.34
1999-03-10,5.29
1999-03-11,5.27
1999-03-12,5.29
1999-03-15,5.28
1999-03-16,5.3
1999-03-17,5.28
1999-03-18,5.29
1999-03-19,5.21
1999-03-22,5.18
1999-03-23,5.23
1999-03-24,5.22
1999-03-25,5.17
1999-03-26,5.18
1999-03-29,5.14
1999-03-30,5.19
1999-03-31,5.19
1999-04-01,5.11
1999-04-02,5.17
1999-04-05,5.18
1999-04-06,5.18
1999-04-07,5.13
1999-04-08,5.18
1999-04-09,5.16
1999-04-12,5.14
1999-04-13,5.09
1999-04-14,5.05
1999-04-15,5.0
1999-04-16,4.96
1999-04-19,4.99
1999-04-20,5.02
1999-04-21,5.0
1999-04-22,4.93
1999-04-23,4.93
1999-04-26,4.95
1999-04-27,4.95
1999-04-28,4.92
1999-04-29,4.98
1999-04-30,4.76
1999-05-03,4.7
1999-05-04,4.65
1999-05-05,4.71
1999-05-06,4.61
1999-05-07,4.62
1999-05-10,4.67
1999-05-11,4.65
1999-05-12,4.68
1999-05-13,4.76
1999-05-14,4.66
1999-05-17,4.64
1999-05-18,4.6
1999-05-19,4.69
1999-05-20,4.72
1999-05-21,4.77
1999-05-24,4.81
1999-05-25,4.81
1999-05-26,4.78
1999-05-27,4.72
1999-05-28,4.74
1999-05-31,4.75
1999-06-01,4.65
1999-06-02,4.65
1999-06-03,4.69
1999-06-04,4.7
1999-06-07,4.72
1999-06-08,4.69
1999-06-09,4.64
1999-06-10,4.66
1999-06-11,4.6
1999-06-14,4.65
1999-06-15,4.63
1999-06-16,4.66
1999-06-17,4.77
1999-06-18,4.73
1999-06-21,4.68
1999-06-22,4.66
1999-06-23,4.61
1999-06-24,4.58
1999-06-25,4.6
1999-06-28,4.66
1999-06-29,4.69
1999-06-30,4.87
1999-07-01,4.79
1999-07-02,4.79
1999-07-05,4.8
1999-07-06,4.75
1999-07-07,4.74
1999-07-08,4.79
1999-07-09,4.78
1999-07-12,4.87
1999-07-13,4.86
1999-07-14,4.82
1999-07-15,4.77
1999-07-16,4.79
1999-07-19,4.82
1999-07-20,4.83
1999-07-21,4.83
1999-07-22,4.78
1999-07-23,4.77
1999-07-26,4.77
1999-07-27,4.85
1999-07-28,4.86
1999-07-29,4.82
1999-07-30,4.81
1999-07-31,4.66
1999-08-02,4.66
1999-08-03,4.69
1999-08-04,4.75
1999-08-05,4.84
1999-08-06,4.74
1999-08-09,4.65
1999-08-10,4.69
1999-08-11,4.73
1999-08-12,4.7
1999-08-13,4.78
1999-08-16,4.76
1999-08-17,4.83
1999-08-18,4.87
1999-08-19,4.87
1999-08-20,4.89
1999-08-23,4.89
1999-08-24,4.94
1999-08-25,5.03
1999-08-26,5.0
1999-08-27,4.93
1999-08-30,4.88
1999-08-31,4.9
1999-09-01,4.91
1999-09-02,4.9
1999-09-03,4.99
1999-09-06,4.99
1999-09-07,4.94
1999-09-08,4.96
1999-09-09,4.94
1999-09-10,5.01
1999-09-13,5.0
1999-09-14,4.98
1999-09-15,5.01
1999-09-16,5.05
1999-09-17,5.07
1999-09-20,5.06
1999-09-21,5.07
1999-09-22,5.09
1999-09-23,5.15
1999-09-24,5.26
1999-09-27,5.22
1999-09-28,5.17
1999-09-29,5.1
1999-09-30,5.07
1999-10-01,5.06
1999-10-04,5.05
1999-10-05,5.12
1999-10-06,5.03
1999-10-07,4.99
1999-10-08,5.0
1999-10-11,4.99
1999-10-12,4.96
1999-10-13,4.98
1999-10-14,4.93
1999-10-15,4.94
1999-10-18,4.99
1999-10-19,4.99
1999-10-20,4.91
1999-10-21,4.97
1999-10-22,4.93
1999-10-25,4.89
1999-10-26,4.94
1999-10-27,4.99
1999-10-28,5.08
1999-10-29,5.17
1999-10-31,5.13
1999-11-01,5.13
1999-11-02,5.15
1999-11-03,5.14
1999-11-04,5.14
1999-11-05,5.16
1999-11-08,5.15
1999-11-09,5.13
1999-11-10,5.12
1999-11-11,5.14
1999-11-12,5.18
1999-11-15,5.17
1999-11-16,5.13
1999-11-17,5.1
1999-11-18,5.07
1999-11-19,5.05
1999-11-22,5.02
1999-11-23,5.01
1999-11-24,4.99
1999-11-25,5.0
1999-11-26,4.97
1999-11-29,4.9
1999-11-30,4.91
1999-12-01,4.86
1999-12-02,4.89
1999-12-03,4.91
1999-12-06,4.92
1999-12-07,4.93
1999-12-08,4.85
1999-12-09,4.86
1999-12-10,4.88
1999-12-13,4.87
1999-12-14,4.79
1999-12-15,4.73
1999-12-16,4.72
1999-12-17,4.72
1999-12-20,4.69
1999-12-21,4.68
1999-12-22,4.66
1999-12-23,4.66
1999-12-24,4.66
1999-12-27,4.68
1999-12-28,4.66
1999-12-29,4.7
1999-12-30,4.71
1999-12-31,4.76
2000-01-03,4.68
2000-01-04,4.81
2000-01-05,4.77
2000-01-06,4.82
2000-01-07,4.86
2000-01-10,4.81
2000-01-11,4.74
2000-01-12,4.72
2000-01-13,4.82
2000-01-14,4.77
2000-01-17,4.77
2000-01-18,4.75
2000-01-19,4.77
2000-01-20,4.74
2000-01-21,4.73
2000-01-24,4.82
2000-01-25,4.81
2000-01-26,4.81
2000-01-27,4.8
2000-01-28,4.8
2000-01-31,4.87
2000-02-01,4.87
2000-02-02,4.86
2000-02-03,4.99
2000-02-04,4.87
2000-02-07,4.82
2000-02-08,4.82
2000-02-09,4.79
2000-02-10,4.77
2000-02-11,4.81
2000-02-14,4.88
2000-02-15,4.83
2000-02-16,4.86
2000-02-17,4.82
2000-02-18,4.9
2000-02-21,4.9
2000-02-22,5.02
2000-02-23,4.94
2000-02-24,5.04
2000-02-25,5.07
2000-02-28,5.01
2000-02-29,5.08
2000-03-01,5.11
2000-03-02,5.11
2000-03-03,5.13
2000-03-06,5.1
2000-03-07,5.15
2000-03-08,5.16
2000-03-09,5.19
2000-03-10,5.16
2000-03-13,5.21
2000-03-14,5.29
2000-03-15,5.34
2000-03-16,5.4
2000-03-17,5.41
2000-03-20,5.42
2000-03-21,5.46
2000-03-22,5.51
2000-03-23,5.55
2000-03-24,5.47
2000-03-27,5.47
2000-03-28,5.57
2000-03-29,5.68
2000-03-30,5.84
2000-03-31,5.75
2000-04-03,5.78
2000-04-04,5.94
2000-04-05,5.94
2000-04-06,5.87
2000-04-07,5.9
2000-04-10,5.95
2000-04-11,5.89
2000-04-12,5.82
2000-04-13,5.87
2000-04-14,5.92
2000-04-17,5.84
2000-04-18,5.81
2000-04-19,5.85
2000-04-20,5.85
2000-04-21,
2000-04-24,5.88
2000-04-25,5.77
2000-04-26,5.77
2000-04-27,5.69
2000-04-28,5.71
2000-04-30,5.88
2000-05-01,5.83
2000-05-02,5.79
2000-05-03,5.77
2000-05-04,5.74
2000-05-05,5.73
2000-05-08,5.72
2000-05-09,5.75
2000-05-10,5.82
2000-05-11,5.84
2000-05-12,5.78
2000-05-15,5.78
2000-05-16,5.82
2000-05-17,5.83
2000-05-18,5.8
2000-05-19,5.89
2000-05-22,5.95
2000-05-23,5.99
2000-05-24,6.01
2000-05-25,6.13
2000-05-26,6.18
2000-05-29,6.19
2000-05-30,6.15
2000-05-31,6.16
2000-06-01,6.22
2000-06-02,6.21
2000-06-05,6.23
2000-06-06,6.2
2000-06-07,6.18
2000-06-08,6.18
2000-06-09,6.12
2000-06-12,6.15
2000-06-13,6.15
2000-06-14,6.18
2000-06-15,6.12
2000-06-16,6.19
2000-06-19,6.18
2000-06-20,6.14
2000-06-21,6.07
2000-06-22,6.06
2000-06-23,5.99
2000-06-26,6.05
2000-06-27,6.05
2000-06-28,6.04
2000-06-29,6.11
2000-06-30,6.17
2000-07-03,6.2
2000-07-04,6.21
2000-07-05,6.21
2000-07-06,6.18
2000-07-07,6.2
2000-07-10,6.17
2000-07-11,6.14
2000-07-12,6.14
2000-07-13,6.18
2000-07-14,6.06
2000-07-17,5.98
2000-07-18,5.97
2000-07-19,5.98
2000-07-20,6.1
2000-07-21,6.11
2000-07-24,6.07
2000-07-25,6.09
2000-07-26,6.06
2000-07-27,6.13
2000-07-28,6.15
2000-07-31,6.26
2000-08-01,6.31
2000-08-02,6.33
2000-08-03,6.33
2000-08-04,6.38
2000-08-07,6.33
2000-08-08,6.34
2000-08-09,6.33
2000-08-10,6.37
2000-08-11,6.33
2000-08-14,6.37
2000-08-15,6.34
2000-08-16,6.34
2000-08-17,6.36
2000-08-18,6.4
2000-08-21,6.4
2000-08-22,6.39
2000-08-23,6.43
2000-08-24,6.44
2000-08-25,6.42
2000-08-28,6.36
2000-08-29,6.3
2000-08-30,6.28
2000-08-31,6.43
2000-09-01,6.48
2000-09-04,6.49
2000-09-05,6.41
2000-09-06,6.37
2000-09-07,6.3
2000-09-08,6.32
2000-09-11,6.3
2000-09-12,6.31
2000-09-13,6.35
2000-09-14,6.33
2000-09-15,6.3
2000-09-18,6.35
2000-09-19,6.41
2000-09-20,6.43
2000-09-21,6.45
2000-09-22,6.5
2000-09-25,6.49
2000-09-26,6.56
2000-09-27,6.65
2000-09-28,6.69
2000-09-29,6.72
2000-09-30,6.77
2000-10-02,6.77
2000-10-03,6.74
2000-10-04,6.77
2000-10-05,6.84
2000-10-06,6.87
2000-10-09,6.89
2000-10-10,6.96
2000-10-11,7.11
2000-10-12,7.21
2000-10-13,7.31
2000-10-16,7.28
2000-10-17,7.47
2000-10-18,7.58
2000-10-19,7.58
2000-10-20,7.59
2000-10-23,7.65
2000-10-24,7.61
2000-10-25,7.55
2000-10-26,7.62
2000-10-27,7.62
2000-10-30,7.62
2000-10-31,7.79
2000-11-01,7.75
2000-11-02,7.8
2000-11-03,7.75
2000-11-06,7.73
2000-11-07,7.75
2000-11-08,7.73
2000-11-09,7.81
2000-11-10,7.85
2000-11-13,7.9
2000-11-14,7.9
2000-11-15,7.91
2000-11-16,7.96
2000-11-17,7.99
2000-11-20,8.09
2000-11-21,8.24
2000-11-22,8.37
2000-11-23,8.37
2000-11-24,8.36
2000-11-27,8.42
2000-11-28,8.51
2000-11-29,8.69
2000-11-30,9.06
2000-12-01,8.98
2000-12-04,9.06
2000-12-05,9.1
2000-12-06,9.12
2000-12-07,9.13
2000-12-08,9.09
2000-12-11,9.02
2000-12-12,8.94
2000-12-13,8.89
2000-12-14,8.94
2000-12-15,8.88
2000-12-18,8.91
2000-12-19,8.87
2000-12-20,8.98
2000-12-21,9.05
2000-12-22,9.06
2000-12-25,
2000-12-26,9.07
2000-12-27,9.04
2000-12-28,9.0
2000-12-29,9.0
2000-12-31,9.16
2001-01-01,
2001-01-02,9.36
2001-01-03,9.13
2001-01-04,9.11
2001-01-05,9.12
2001-01-08,9.06
2001-01-09,8.88
2001-01-10,8.73
2001-01-11,8.56
2001-01-12,8.38
2001-01-15,8.32
2001-01-16,8.33
2001-01-17,8.31
2001-01-18,8.36
2001-01-19,8.21
2001-01-22,8.17
2001-01-23,8.09
2001-01-24,8.05
2001-01-25,8.05
2001-01-26,8.05
2001-01-29,8.03
2001-01-30,8.02
2001-01-31,7.87
2001-02-01,7.83
2001-02-02,7.73
2001-02-05,7.69
2001-02-06,7.62
2001-02-07,7.64
2001-02-08,7.6
2001-02-09,7.63
2001-02-12,7.6
2001-02-13,7.56
2001-02-14,7.49
2001-02-15,7.38
2001-02-16,7.49
2001-02-19,7.5
2001-02-20,7.51
2001-02-21,7.54
2001-02-22,7.6
2001-02-23,7.67
2001-02-26,7.69
2001-02-27,7.68
2001-02-28,7.7
2001-03-01,7.68
2001-03-02,7.64
2001-03-05,7.61
2001-03-06,7.59
2001-03-07,7.61
2001-03-08,7.59
2001-03-09,7.53
2001-03-12,7.6
2001-03-13,7.63
2001-03-14,7.84
2001-03-15,7.88
2001-03-16,8.0
2001-03-19,8.02
2001-03-20,8.09
2001-03-21,8.22
2001-03-22,8.4
2001-03-23,8.3
2001-03-26,8.2
2001-03-27,8.03
2001-03-28,8.08
2001-03-29,8.13
2001-03-30,8.2
2001-03-31,8.18
2001-04-02,8.21
2001-04-03,8.48
2001-04-04,8.61
2001-04-05,8.63
2001-04-06,8.75
2001-04-09,8.78
2001-04-10,8.55
2001-04-11,8.5
2001-04-12,8.44
2001-04-13,
2001-04-16,8.3
2001-04-17,8.4
2001-04-18,8.46
2001-04-19,8.61
2001-04-20,8.64
2001-04-23,8.9
2001-04-24,9.02
2001-04-25,8.26
2001-04-26,8.29
2001-04-27,8.17
2001-04-30,8.06
2001-05-01,7.95
2001-05-02,7.8
2001-05-03,7.83
2001-05-04,7.86
2001-05-07,7.85
2001-05-08,7.83
2001-05-09,7.88
2001-05-10,7.79
2001-05-11,7.6
2001-05-14,7.7
2001-05-15,7.61
2001-05-16,7.66
2001-05-17,7.65
2001-05-18,7.63
2001-05-21,7.6
2001-05-22,7.61
2001-05-23,7.62
2001-05-24,7.53
2001-05-25,7.53
2001-05-28,7.55
2001-05-29,7.52
2001-05-30,7.56
2001-05-31,7.68
2001-06-01,7.65
2001-06-04,7.69
2001-06-05,7.76
2001-06-06,7.75
2001-06-07,7.71
2001-06-08,7.67
2001-06-11,7.71
2001-06-12,7.78
2001-06-13,7.86
2001-06-14,8.09
2001-06-15,8.04
2001-06-18,8.19
2001-06-19,8.28
2001-06-20,8.38
2001-06-21,8.4
2001-06-22,8.47
2001-06-25,8.45
2001-06-26,8.42
2001-06-27,8.34
2001-06-28,8.29
2001-06-29,8.16
2001-06-30,8.16
2001-07-02,8.18
2001-07-03,8.1
2001-07-04,8.11
2001-07-05,8.07
2001-07-06,8.13
2001-07-09,8.13
2001-07-10,8.2
2001-07-11,8.21
2001-07-12,8.28
2001-07-13,8.27
2001-07-16,8.28
2001-07-17,8.31
2001-07-18,8.45
2001-07-19,8.42
2001-07-20,8.39
2001-07-23,8.37
2001-07-24,8.37
2001-07-25,8.31
2001-07-26,8.27
2001-07-27,8.28
2001-07-30,8.32
2001-07-31,8.27
2001-08-01,8.09
2001-08-02,7.95
2001-08-03,7.92
2001-08-06,7.91
2001-08-07,7.87
2001-08-08,7.95
2001-08-09,7.93
2001-08-10,7.99
2001-08-13,8.07
2001-08-14,8.04
2001-08-15,7.96
2001-08-16,8.01
2001-08-17,8.11
2001-08-20,8.07
2001-08-21,8.12
2001-08-22,8.11
2001-08-23,8.15
2001-08-24,8.13
2001-08-27,8.14
2001-08-28,8.19
2001-08-29,8.23
2001-08-30,8.23
2001-08-31,8.05
2001-09-03,8.04
2001-09-04,7.87
2001-09-05,7.95
2001-09-06,8.09
2001-09-07,8.22
2001-09-10,8.22
2001-09-11,
2001-09-12,
2001-09-13,
2001-09-14,9.41
2001-09-17,9.58
2001-09-18,9.51
2001-09-19,9.6
2001-09-20,9.69
2001-09-21,9.89
2001-09-24,9.95
2001-09-25,9.88
2001-09-26,9.97
2001-09-27,10.07
2001-09-28,10.25
2001-09-30,10.18
2001-10-01,10.14
2001-10-02,10.17
2001-10-03,10.14
2001-10-04,10.11
2001-10-05,10.1
2001-10-08,10.06
2001-10-09,10.0
2001-10-10,9.92
2001-10-11,9.81
2001-10-12,9.77
2001-10-15,9.65
2001-10-16,9.63
2001-10-17,9.61
2001-10-18,9.61
2001-10-19,9.6
2001-10-22,9.6
2001-10-23,9.57
2001-10-24,9.61
2001-10-25,9.62
2001-10-26,9.62
2001-10-29,9.64
2001-10-30,9.73
2001-10-31,9.61
2001-11-01,9.56
2001-11-02,9.46
2001-11-05,9.48
2001-11-06,9.5
2001-11-07,9.53
2001-11-08,9.36
2001-11-09,9.29
2001-11-12,9.3
2001-11-13,9.24
2001-11-14,9.06
2001-11-15,8.62
2001-11-16,8.38
2001-11-19,8.48
2001-11-20,8.37
2001-11-21,8.25
2001-11-22,8.24
2001-11-23,8.15
2001-11-26,8.17
2001-11-27,8.18
2001-11-28,8.13
2001-11-29,8.33
2001-11-30,8.39
2001-12-03,8.38
2001-12-04,8.47
2001-12-05,8.25
2001-12-06,8.12
2001-12-07,8.01
2001-12-10,8.2
2001-12-11,8.31
2001-12-12,8.42
2001-12-13,8.33
2001-12-14,8.34
2001-12-17,8.17
2001-12-18,8.33
2001-12-19,8.41
2001-12-20,8.37
2001-12-21,8.32
2001-12-24,8.3
2001-12-25,
2001-12-26,8.26
2001-12-27,8.33
2001-12-28,8.33
2001-12-31,8.24
2002-01-01,
2002-01-02,8.12
2002-01-03,8.03
2002-01-04,7.99
2002-01-07,8.06
2002-01-08,8.05
2002-01-09,8.04
2002-01-10,8.08
2002-01-11,8.17
2002-01-14,8.17
2002-01-15,8.26
2002-01-16,8.27
2002-01-17,8.22
2002-01-18,8.28
2002-01-21,8.29
2002-01-22,8.27
2002-01-23,8.22
2002-01-24,8.18
2002-01-25,8.14
2002-01-28,8.11
2002-01-29,8.26
2002-01-30,8.29
2002-01-31,7.89
2002-02-01,7.81
2002-02-04,7.91
2002-02-05,7.98
2002-02-06,8.02
2002-02-07,8.02
2002-02-08,8.08
2002-02-11,8.09
2002-02-12,8.03
2002-02-13,7.99
2002-02-14,8.05
2002-02-15,8.11
2002-02-18,8.12
2002-02-19,8.12
2002-02-20,8.19
2002-02-21,8.2
2002-02-22,8.28
2002-02-25,8.31
2002-02-26,8.25
2002-02-27,8.31
2002-02-28,8.19
2002-03-01,7.99
2002-03-04,7.92
2002-03-05,7.83
2002-03-06,7.77
2002-03-07,7.51
2002-03-08,7.34
2002-03-11,7.33
2002-03-12,7.32
2002-03-13,7.36
2002-03-14,7.2
2002-03-15,7.18
2002-03-18,7.2
2002-03-19,7.18
2002-03-20,7.08
2002-03-21,7.1
2002-03-22,7.08
2002-03-25,7.06
2002-03-26,7.13
2002-03-27,7.13
2002-03-28,7.11
2002-03-29,
2002-03-31,7.08
2002-04-01,7.0
2002-04-02,7.06
2002-04-03,7.15
2002-04-04,7.15
2002-04-05,7.21
2002-04-08,7.18
2002-04-09,7.2
2002-04-10,7.15
2002-04-11,7.17
2002-04-12,7.26
2002-04-15,7.27
2002-04-16,7.21
2002-04-17,7.14
2002-04-18,7.13
2002-04-19,7.14
2002-04-22,7.18
2002-04-23,7.17
2002-04-24,7.2
2002-04-25,7.22
2002-04-26,7.24
2002-04-29,7.19
2002-04-30,6.88
2002-05-01,6.89
2002-05-02,6.87
2002-05-03,6.94
2002-05-06,6.96
2002-05-07,7.02
2002-05-08,6.89
2002-05-09,6.89
2002-05-10,6.97
2002-05-13,6.96
2002-05-14,6.89
2002-05-15,6.93
2002-05-16,7.05
2002-05-17,7.01
2002-05-20,7.07
2002-05-21,7.11
2002-05-22,7.15
2002-05-23,7.1
2002-05-24,7.08
2002-05-27,7.08
2002-05-28,7.09
2002-05-29,7.16
2002-05-30,7.22
2002-05-31,7.28
2002-06-03,7.27
2002-06-04,7.35
2002-06-05,7.31
2002-06-06,7.35
2002-06-07,7.41
2002-06-10,7.48
2002-06-11,7.57
2002-06-12,7.7
2002-06-13,7.75
2002-06-14,7.9
2002-06-17,7.85
2002-06-18,7.85
2002-06-19,7.97
2002-06-20,7.95
2002-06-21,8.14
2002-06-24,8.19
2002-06-25,8.27
2002-06-26,9.06
2002-06-27,9.14
2002-06-28,9.23
2002-06-30,8.75
2002-07-01,8.69
2002-07-02,8.93
2002-07-03,9.02
2002-07-04,9.02
2002-07-05,8.96
2002-07-08,8.99
2002-07-09,8.98
2002-07-10,9.06
2002-07-11,9.26
2002-07-12,9.26
2002-07-15,9.19
2002-07-16,9.13
2002-07-17,9.19
2002-07-18,9.26
2002-07-19,9.37
2002-07-22,9.49
2002-07-23,9.71
2002-07-24,9.96
2002-07-25,9.98
2002-07-26,10.13
2002-07-29,10.01
2002-07-30,9.99
2002-07-31,9.71
2002-08-01,9.54
2002-08-02,9.76
2002-08-05,9.91
2002-08-06,9.81
2002-08-07,9.89
2002-08-08,9.85
2002-08-09,9.92
2002-08-12,10.0
2002-08-13,10.15
2002-08-14,10.2
2002-08-15,10.01
2002-08-16,9.93
2002-08-19,9.93
2002-08-20,9.94
2002-08-21,9.88
2002-08-22,9.65
2002-08-23,9.62
2002-08-26,9.55
2002-08-27,9.44
2002-08-28,9.48
2002-08-29,9.51
2002-08-30,9.5
2002-08-31,9.61
2002-09-02,9.6
2002-09-03,9.76
2002-09-04,9.75
2002-09-05,9.82
2002-09-06,9.69
2002-09-09,9.69
2002-09-10,9.7
2002-09-11,9.59
2002-09-12,9.63
2002-09-13,9.65
2002-09-16,9.61
2002-09-17,9.6
2002-09-18,9.65
2002-09-19,9.82
2002-09-20,9.92
2002-09-23,10.12
2002-09-24,10.26
2002-09-25,10.18
2002-09-26,10.17
2002-09-27,10.3
2002-09-30,10.33
2002-10-01,10.21
2002-10-02,10.34
2002-10-03,10.48
2002-10-04,10.55
2002-10-07,10.71
2002-10-08,10.87
2002-10-09,11.17
2002-10-10,11.2
2002-10-11,11.07
2002-10-14,11.09
2002-10-15,10.73
2002-10-16,10.73
2002-10-17,10.64
2002-10-18,10.65
2002-10-21,10.54
2002-10-22,10.53
2002-10-23,10.54
2002-10-24,10.53
2002-10-25,10.57
2002-10-28,10.55
2002-10-29,10.67
2002-10-30,10.62
2002-10-31,10.59
2002-11-01,10.47
2002-11-04,10.3
2002-11-05,10.19
2002-11-06,10.1
2002-11-07,10.12
2002-11-08,10.16
2002-11-11,10.18
2002-11-12,10.15
2002-11-13,10.11
2002-11-14,9.94
2002-11-15,9.78
2002-11-18,9.7
2002-11-19,9.61
2002-11-20,9.39
2002-11-21,9.15
2002-11-22,9.04
2002-11-25,9.01
2002-11-26,9.14
2002-11-27,8.94
2002-11-28,8.94
2002-11-29,9.01
2002-11-30,8.83
2002-12-02,8.67
2002-12-03,8.67
2002-12-04,8.81
2002-12-05,8.89
2002-12-06,9.0
2002-12-09,9.08
2002-12-10,9.05
2002-12-11,9.09
2002-12-12,9.06
2002-12-13,8.99
2002-12-16,8.88
2002-12-17,8.9
2002-12-18,8.94
2002-12-19,9.03
2002-12-20,8.99
2002-12-23,9.0
2002-12-24,9.01
2002-12-25,
2002-12-26,9.02
2002-12-27,9.11
2002-12-30,9.13
2002-12-31,8.9
2003-01-01,
2003-01-02,8.65
2003-01-03,8.57
2003-01-06,8.41
2003-01-07,8.26
2003-01-08,8.18
2003-01-09,7.95
2003-01-10,7.92
2003-01-13,7.92
2003-01-14,7.96
2003-01-15,7.96
2003-01-16,7.99
2003-01-17,8.1
2003-01-20,8.11
2003-01-21,8.12
2003-01-22,8.23
2003-01-23,8.16
2003-01-24,8.21
2003-01-27,8.29
2003-01-28,8.25
2003-01-29,8.24
2003-01-30,8.25
2003-01-31,8.29
2003-02-03,8.21
2003-02-04,8.28
2003-02-05,8.23
2003-02-06,8.35
2003-02-07,8.39
2003-02-10,8.35
2003-02-11,8.37
2003-02-12,8.5
2003-02-13,8.69
2003-02-14,8.62
2003-02-17,8.58
2003-02-18,8.56
2003-02-19,8.53
2003-02-20,8.51
2003-02-21,8.42
2003-02-24,8.41
2003-02-25,8.45
2003-02-26,8.44
2003-02-27,8.4
2003-02-28,8.38
2003-03-03,8.29
2003-03-04,8.31
2003-03-05,8.33
2003-03-06,8.31
2003-03-07,8.34
2003-03-10,8.38
2003-03-11,8.33
2003-03-12,8.32
2003-03-13,8.16
2003-03-14,8.17
2003-03-17,8.04
2003-03-18,7.91
2003-03-19,7.88
2003-03-20,7.84
2003-03-21,7.69
2003-03-24,7.81
2003-03-25,7.8
2003-03-26,7.78
2003-03-27,7.76
2003-03-28,7.75
2003-03-31,7.72
2003-04-01,7.61
2003-04-02,7.36
2003-04-03,7.31
2003-04-04,7.24
2003-04-07,7.11
2003-04-08,7.21
2003-04-09,7.31
2003-04-10,7.28
2003-04-11,7.21
2003-04-14,7.12
2003-04-15,7.07
2003-04-16,7.05
2003-04-17,6.97
2003-04-18,
2003-04-21,6.92
2003-04-22,6.86
2003-04-23,6.71
2003-04-24,6.69
2003-04-25,6.68
2003-04-28,6.64
2003-04-29,6.55
2003-04-30,6.44
2003-05-01,6.37
2003-05-02,6.26
2003-05-05,6.25
2003-05-06,6.34
2003-05-07,6.46
2003-05-08,6.55
2003-05-09,6.53
2003-05-12,6.53
2003-05-13,6.53
2003-05-14,6.62
2003-05-15,6.55
2003-05-16,6.63
2003-05-19,6.66
2003-05-20,6.77
2003-05-21,6.8
2003-05-22,6.86
2003-05-23,6.87
2003-05-26,6.87
2003-05-27,6.88
2003-05-28,6.89
2003-05-29,6.87
2003-05-30,6.81
2003-05-31,6.79
2003-06-02,6.66
2003-06-03,6.74
2003-06-04,6.7
2003-06-05,6.58
2003-06-06,6.48
2003-06-09,6.51
2003-06-10,6.58
2003-06-11,6.5
2003-06-12,6.48
2003-06-13,6.46
2003-06-16,6.31
2003-06-17,6.14
2003-06-18,6.04
2003-06-19,6.09
2003-06-20,6.07
2003-06-23,6.21
2003-06-24,6.29
2003-06-25,6.15
2003-06-26,6.03
2003-06-27,6.03
2003-06-30,6.13
2003-07-01,6.15
2003-07-02,6.18
2003-07-03,6.11
2003-07-04,6.11
2003-07-07,6.05
2003-07-08,5.97
2003-07-09,5.97
2003-07-10,6.0
2003-07-11,6.05
2003-07-14,5.94
2003-07-15,5.73
2003-07-16,5.76
2003-07-17,5.75
2003-07-18,5.76
2003-07-21,5.59
2003-07-22,5.66
2003-07-23,5.72
2003-07-24,5.7
2003-07-25,5.73
2003-07-28,5.65
2003-07-29,5.63
2003-07-30,5.83
2003-07-31,5.67
2003-08-01,5.77
2003-08-04,5.84
2003-08-05,5.8
2003-08-06,6.06
2003-08-07,6.15
2003-08-08,6.13
2003-08-11,6.08
2003-08-12,6.13
2003-08-13,5.99
2003-08-14,6.06
2003-08-15,6.07
2003-08-18,6.05
2003-08-19,5.98
2003-08-20,5.81
2003-08-21,5.61
2003-08-22,5.62
2003-08-25,5.53
2003-08-26,5.55
2003-08-27,5.45
2003-08-28,5.5
2003-08-29,5.43
2003-08-31,5.46
2003-09-01,5.46
2003-09-02,5.19
2003-09-03,5.16
2003-09-04,5.25
2003-09-05,5.42
2003-09-08,5.35
2003-09-09,5.34
2003-09-10,5.42
2003-09-11,5.36
2003-09-12,5.42
2003-09-15,5.43
2003-09-16,5.39
2003-09-17,5.41
2003-09-18,5.32
2003-09-19,5.26
2003-09-22,5.28
2003-09-23,5.34
2003-09-24,5.36
2003-09-25,5.37
2003-09-26,5.45
2003-09-29,5.4
2003-09-30,5.51
2003-10-01,5.46
2003-10-02,5.36
2003-10-03,5.18
2003-10-06,5.25
2003-10-07,5.13
2003-10-08,5.1
2003-10-09,5.02
2003-10-10,5.02
2003-10-13,5.01
2003-10-14,4.88
2003-10-15,4.74
2003-10-16,4.62
2003-10-17,4.68
2003-10-20,4.68
2003-10-21,4.68
2003-10-22,4.81
2003-10-23,4.82
2003-10-24,4.89
2003-10-27,4.8
2003-10-28,4.87
2003-10-29,4.77
2003-10-30,4.68
2003-10-31,4.73
2003-11-03,4.65
2003-11-04,4.68
2003-11-05,4.62
2003-11-06,4.56
2003-11-07,4.52
2003-11-10,4.5
2003-11-11,4.5
2003-11-12,4.55
2003-11-13,4.69
2003-11-14,4.74
2003-11-17,4.74
2003-11-18,4.73
2003-11-19,4.65
2003-11-20,4.76
2003-11-21,4.75
2003-11-24,4.67
2003-11-25,4.62
2003-11-26,4.55
2003-11-27,4.55
2003-11-28,4.46
2003-11-30,4.48
2003-12-01,4.37
2003-12-02,4.35
2003-12-03,4.27
2003-12-04,4.26
2003-12-05,4.39
2003-12-08,4.29
2003-12-09,4.19
2003-12-10,4.22
2003-12-11,4.35
2003-12-12,4.34
2003-12-15,4.27
2003-12-16,4.31
2003-12-17,4.34
2003-12-18,4.34
2003-12-19,4.33
2003-12-22,4.28
2003-12-23,4.16
2003-12-24,4.25
2003-12-25,
2003-12-26,4.28
2003-12-29,4.22
2003-12-30,4.17
2003-12-31,4.18
2004-01-01,
2004-01-02,4.08
2004-01-05,3.97
2004-01-06,3.98
2004-01-07,3.92
2004-01-08,3.87
2004-01-09,4.01
2004-01-12,4.0
2004-01-13,4.05
2004-01-14,4.04
2004-01-15,3.98
2004-01-16,3.94
2004-01-19,3.93
2004-01-20,3.89
2004-01-21,3.88
2004-01-22,3.9
2004-01-23,3.79
2004-01-26,3.76
2004-01-27,3.88
2004-01-28,3.81
2004-01-29,3.92
2004-01-30,4.03
2004-01-31,4.05
2004-02-02,4.06
2004-02-03,4.17
2004-02-04,4.2
2004-02-05,4.22
2004-02-06,4.34
2004-02-09,4.28
2004-02-10,4.24
2004-02-11,4.31
2004-02-12,4.19
2004-02-13,4.25
2004-02-16,4.23
2004-02-17,4.21
2004-02-18,4.23
2004-02-19,4.24
2004-02-20,4.22
2004-02-23,4.3
2004-02-24,4.38
2004-02-25,4.36
2004-02-26,4.32
2004-02-27,4.34
2004-02-29,4.34
2004-03-01,4.29
2004-03-02,4.22
2004-03-03,4.22
2004-03-04,4.24
2004-03-05,4.35
2004-03-08,4.37
2004-03-09,4.4
2004-03-10,4.37
2004-03-11,4.41
2004-03-12,4.39
2004-03-15,4.41
2004-03-16,4.53
2004-03-17,4.5
2004-03-18,4.46
2004-03-19,4.43
2004-03-22,4.52
2004-03-23,4.54
2004-03-24,4.56
2004-03-25,4.53
2004-03-26,4.42
2004-03-29,4.34
2004-03-30,4.33
2004-03-31,4.41
2004-04-01,4.32
2004-04-02,4.16
2004-04-05,4.11
2004-04-06,4.14
2004-04-07,4.11
2004-04-08,4.06
2004-04-09,
2004-04-12,4.02
2004-04-13,3.96
2004-04-14,3.97
2004-04-15,3.95
2004-04-16,3.96
2004-04-19,3.94
2004-04-20,3.91
2004-04-21,3.91
2004-04-22,3.93
2004-04-23,3.81
2004-04-26,3.82
2004-04-27,3.85
2004-04-28,3.81
2004-04-29,3.83
2004-04-30,3.91
2004-05-03,3.93
2004-05-04,3.98
2004-05-05,3.97
2004-05-06,4.04
2004-05-07,3.99
2004-05-10,4.21
2004-05-11,4.24
2004-05-12,4.31
2004-05-13,4.37
2004-05-14,4.48
2004-05-17,4.56
2004-05-18,4.46
2004-05-19,4.32
2004-05-20,4.4
2004-05-21,4.32
2004-05-24,4.29
2004-05-25,4.28
2004-05-26,4.28
2004-05-27,4.32
2004-05-28,4.24
2004-05-31,4.28
2004-06-01,4.25
2004-06-02,4.23
2004-06-03,4.25
2004-06-04,4.16
2004-06-07,4.16
2004-06-08,4.1
2004-06-09,4.05
2004-06-10,4.06
2004-06-11,4.05
2004-06-14,4.0
2004-06-15,4.12
2004-06-16,4.05
2004-06-17,4.06
2004-06-18,4.02
2004-06-21,4.02
2004-06-22,3.98
2004-06-23,3.98
2004-06-24,4.01
2004-06-25,4.0
2004-06-28,3.91
2004-06-29,3.96
2004-06-30,4.1
2004-07-01,4.13
2004-07-02,4.17
2004-07-05,4.18
2004-07-06,4.13
2004-07-07,4.12
2004-07-08,4.1
2004-07-09,4.08
2004-07-12,4.08
2004-07-13,4.02
2004-07-14,3.98
2004-07-15,3.94
2004-07-16,4.02
2004-07-19,3.98
2004-07-20,3.86
2004-07-21,3.84
2004-07-22,3.91
2004-07-23,3.95
2004-07-26,3.95
2004-07-27,3.92
2004-07-28,3.96
2004-07-29,3.94
2004-07-30,3.99
2004-07-31,4.02
2004-08-02,4.04
2004-08-03,4.05
2004-08-04,4.06
2004-08-05,4.05
2004-08-06,4.19
2004-08-09,4.16
2004-08-10,4.12
2004-08-11,4.11
2004-08-12,4.17
2004-08-13,4.2
2004-08-16,4.16
2004-08-17,4.18
2004-08-18,4.13
2004-08-19,4.12
2004-08-20,4.07
2004-08-23,4.01
2004-08-24,4.0
2004-08-25,3.97
2004-08-26,3.99
2004-08-27,3.97
2004-08-30,3.98
2004-08-31,4.06
2004-09-01,4.07
2004-09-02,3.99
2004-09-03,3.89
2004-09-06,3.89
2004-09-07,3.93
2004-09-08,3.96
2004-09-09,3.89
2004-09-10,3.88
2004-09-13,3.86
2004-09-14,3.85
2004-09-15,3.82
2004-09-16,3.93
2004-09-17,3.83
2004-09-20,3.88
2004-09-21,3.85
2004-09-22,3.87
2004-09-23,3.77
2004-09-24,3.78
2004-09-27,3.83
2004-09-28,3.83
2004-09-29,3.79
2004-09-30,3.83
2004-10-01,3.78
2004-10-04,3.78
2004-10-05,3.78
2004-10-06,3.7
2004-10-07,3.66
2004-10-08,3.73
2004-10-11,3.73
2004-10-12,3.74
2004-10-13,3.76
2004-10-14,3.79
2004-10-15,3.74
2004-10-18,3.77
2004-10-19,3.78
2004-10-20,3.84
2004-10-21,3.78
2004-10-22,3.78
2004-10-25,3.76
2004-10-26,3.72
2004-10-27,3.61
2004-10-28,3.58
2004-10-29,3.56
2004-10-31,3.63
2004-11-01,3.56
2004-11-02,3.54
2004-11-03,3.49
2004-11-04,3.43
2004-11-05,3.29
2004-11-08,3.28
2004-11-09,3.29
2004-11-10,3.27
2004-11-11,3.27
2004-11-12,3.31
2004-11-15,3.28
2004-11-16,3.26
2004-11-17,3.31
2004-11-18,3.29
2004-11-19,3.21
2004-11-22,3.24
2004-11-23,3.21
2004-11-24,3.19
2004-11-25,3.21
2004-11-26,3.15
2004-11-29,3.12
2004-11-30,3.17
2004-12-01,3.15
2004-12-02,3.13
2004-12-03,3.2
2004-12-06,3.21
2004-12-07,3.18
2004-12-08,3.23
2004-12-09,3.18
2004-12-10,3.17
2004-12-13,3.15
2004-12-14,3.15
2004-12-15,3.15
2004-12-16,3.06
2004-12-17,3.06
2004-12-20,3.05
2004-12-21,3.07
2004-12-22,3.05
2004-12-23,3.05
2004-12-24,
2004-12-27,2.99
2004-12-28,2.99
2004-12-29,2.96
2004-12-30,2.99
2004-12-31,3.1
2005-01-03,3.06
2005-01-04,2.97
2005-01-05,3.04
2005-01-06,3.09
2005-01-07,3.07
2005-01-10,3.1
2005-01-11,3.19
2005-01-12,3.2
2005-01-13,3.24
2005-01-14,3.22
2005-01-17,3.21
2005-01-18,3.24
2005-01-19,3.24
2005-01-20,3.33
2005-01-21,3.37
2005-01-24,3.37
2005-01-25,3.29
2005-01-26,3.27
2005-01-27,3.23
2005-01-28,3.27
2005-01-31,3.29
2005-02-01,3.26
2005-02-02,3.2
2005-02-03,3.15
2005-02-04,3.19
2005-02-07,3.17
2005-02-08,3.14
2005-02-09,3.22
2005-02-10,3.16
2005-02-11,3.12
2005-02-14,3.11
2005-02-15,3.06
2005-02-16,2.99
2005-02-17,2.99
2005-02-18,2.93
2005-02-21,2.93
2005-02-22,2.92
2005-02-23,2.93
2005-02-24,2.88
2005-02-25,2.85
2005-02-28,2.83
2005-03-01,2.81
2005-03-02,2.84
2005-03-03,2.83
2005-03-04,2.86
2005-03-07,2.82
2005-03-08,2.76
2005-03-09,2.71
2005-03-10,2.78
2005-03-11,2.73
2005-03-14,2.77
2005-03-15,2.77
2005-03-16,2.89
2005-03-17,3.0
2005-03-18,2.98
2005-03-21,3.08
2005-03-22,3.08
2005-03-23,3.19
2005-03-24,3.18
2005-03-25,
2005-03-28,3.19
2005-03-29,3.28
2005-03-30,3.38
2005-03-31,3.52
2005-04-01,3.55
2005-04-04,3.59
2005-04-05,3.53
2005-04-06,3.48
2005-04-07,3.41
2005-04-08,3.39
2005-04-11,3.47
2005-04-12,3.58
2005-04-13,3.61
2005-04-14,3.75
2005-04-15,3.89
2005-04-18,3.98
2005-04-19,4.0
2005-04-20,3.94
2005-04-21,3.82
2005-04-22,3.86
2005-04-25,3.88
2005-04-26,3.92
2005-04-27,4.04
2005-04-28,4.16
2005-04-29,4.15
2005-04-30,4.19
2005-05-02,4.17
2005-05-03,4.13
2005-05-04,4.12
2005-05-05,4.13
2005-05-06,4.07
2005-05-09,4.05
2005-05-10,4.13
2005-05-11,4.23
2005-05-12,4.28
2005-05-13,4.39
2005-05-16,4.49
2005-05-17,4.57
2005-05-18,4.55
2005-05-19,4.4
2005-05-20,4.33
2005-05-23,4.29
2005-05-24,4.28
2005-05-25,4.16
2005-05-26,4.07
2005-05-27,4.02
2005-05-30,4.02
2005-05-31,4.13
2005-06-01,4.13
2005-06-02,4.0
2005-06-03,3.9
2005-06-06,3.99
2005-06-07,3.99
2005-06-08,3.98
2005-06-09,4.01
2005-06-10,3.91
2005-06-13,3.88
2005-06-14,3.83
2005-06-15,3.78
2005-06-16,3.83
2005-06-17,3.81
2005-06-20,3.81
2005-06-21,3.82
2005-06-22,3.9
2005-06-23,3.88
2005-06-24,3.93
2005-06-27,3.96
2005-06-28,3.86
2005-06-29,3.81
2005-06-30,3.85
2005-07-01,3.75
2005-07-04,3.75
2005-07-05,3.71
2005-07-06,3.75
2005-07-07,3.78
2005-07-08,3.67
2005-07-11,3.61
2005-07-12,3.54
2005-07-13,3.51
2005-07-14,3.46
2005-07-15,3.43
2005-07-18,3.4
2005-07-19,3.43
2005-07-20,3.43
2005-07-21,3.36
2005-07-22,3.39
2005-07-25,3.36
2005-07-26,3.35
2005-07-27,3.31
2005-07-28,3.33
2005-07-29,3.25
2005-07-31,3.3
2005-08-01,3.29
2005-08-02,3.29
2005-08-03,3.32
2005-08-04,3.31
2005-08-05,3.29
2005-08-08,3.31
2005-08-09,3.33
2005-08-10,3.32
2005-08-11,3.37
2005-08-12,3.42
2005-08-15,3.37
2005-08-16,3.41
2005-08-17,3.37
2005-08-18,3.41
2005-08-19,3.39
2005-08-22,3.39
2005-08-23,3.4
2005-08-24,3.38
2005-08-25,3.38
2005-08-26,3.34
2005-08-29,3.37
2005-08-30,3.48
2005-08-31,3.66
2005-09-01,3.7
2005-09-02,3.7
2005-09-05,3.7
2005-09-06,3.64
2005-09-07,3.61
2005-09-08,3.59
2005-09-09,3.59
2005-09-12,3.55
2005-09-13,3.58
2005-09-14,3.57
2005-09-15,3.55
2005-09-16,3.54
2005-09-19,3.61
2005-09-20,3.65
2005-09-21,3.75
2005-09-22,3.81
2005-09-23,3.71
2005-09-26,3.65
2005-09-27,3.66
2005-09-28,3.69
2005-09-29,3.67
2005-09-30,3.54
2005-10-03,3.47
2005-10-04,3.48
2005-10-05,3.51
2005-10-06,3.55
2005-10-07,3.59
2005-10-10,3.59
2005-10-11,3.66
2005-10-12,3.72
2005-10-13,3.77
2005-10-14,3.72
2005-10-17,3.61
2005-10-18,3.56
2005-10-19,3.6
2005-10-20,3.58
2005-10-21,3.59
2005-10-24,3.54
2005-10-25,3.49
2005-10-26,3.49
2005-10-27,3.57
2005-10-28,3.58
2005-10-31,3.61
2005-11-01,3.57
2005-11-02,3.54
2005-11-03,3.48
2005-11-04,3.48
2005-11-07,3.49
2005-11-08,3.55
2005-11-09,3.5
2005-11-10,3.57
2005-11-11,3.56
2005-11-14,3.58
2005-11-15,3.62
2005-11-16,3.72
2005-11-17,3.78
2005-11-18,3.69
2005-11-21,3.71
2005-11-22,3.74
2005-11-23,3.69
2005-11-24,3.69
2005-11-25,3.72
2005-11-28,3.71
2005-11-29,3.61
2005-11-30,3.67
2005-12-01,3.62
2005-12-02,3.63
2005-12-05,3.62
2005-12-06,3.68
2005-12-07,3.66
2005-12-08,3.7
2005-12-09,3.6
2005-12-12,3.59
2005-12-13,3.6
2005-12-14,3.66
2005-12-15,3.64
2005-12-16,3.65
2005-12-19,3.66
2005-12-20,3.65
2005-12-21,3.61
2005-12-22,3.66
2005-12-23,3.71
2005-12-26,
2005-12-27,3.73
2005-12-28,3.69
2005-12-29,3.68
2005-12-30,3.65
2005-12-31,3.71
2006-01-02,
2006-01-03,3.73
2006-01-04,3.69
2006-01-05,3.64
2006-01-06,3.56
2006-01-09,3.51
2006-01-10,3.5
2006-01-11,3.47
2006-01-12,3.53
2006-01-13,3.62
2006-01-16,3.6
2006-01-17,3.64
2006-01-18,3.64
2006-01-19,3.58
2006-01-20,3.6
2006-01-23,3.59
2006-01-24,3.54
2006-01-25,3.44
2006-01-26,3.42
2006-01-27,3.4
2006-01-30,3.34
2006-01-31,3.42
2006-02-01,3.35
2006-02-02,3.35
2006-02-03,3.38
2006-02-06,3.38
2006-02-07,3.39
2006-02-08,3.38
2006-02-09,3.38
2006-02-10,3.35
2006-02-13,3.37
2006-02-14,3.36
2006-02-15,3.32
2006-02-16,3.29
2006-02-17,3.3
2006-02-20,3.3
2006-02-21,3.29
2006-02-22,3.31
2006-02-23,3.27
2006-02-24,3.28
2006-02-27,3.28
2006-02-28,3.37
2006-03-01,3.33
2006-03-02,3.32
2006-03-03,3.29
2006-03-06,3.26
2006-03-07,3.3
2006-03-08,3.31
2006-03-09,3.32
2006-03-10,3.3
2006-03-13,3.27
2006-03-14,3.34
2006-03-15,3.29
2006-03-16,3.34
2006-03-17,3.31
2006-03-20,3.3
2006-03-21,3.21
2006-03-22,3.2
2006-03-23,3.18
2006-03-24,3.23
2006-03-27,3.19
2006-03-28,3.12
2006-03-29,3.14
2006-03-30,3.11
2006-03-31,3.13
2006-04-03,3.09
2006-04-04,3.1
2006-04-05,3.13
2006-04-06,3.12
2006-04-07,3.06
2006-04-10,3.1
2006-04-11,3.11
2006-04-12,3.06
2006-04-13,3.05
2006-04-14,
2006-04-17,3.08
2006-04-18,3.11
2006-04-19,3.07
2006-04-20,3.04
2006-04-21,3.04
2006-04-24,3.06
2006-04-25,2.98
2006-04-26,2.97
2006-04-27,3.0
2006-04-28,3.0
2006-04-30,3.04
2006-05-01,2.96
2006-05-02,2.97
2006-05-03,2.94
2006-05-04,2.93
2006-05-05,2.96
2006-05-08,2.94
2006-05-09,2.92
2006-05-10,2.9
2006-05-11,2.88
2006-05-12,2.88
2006-05-15,2.92
2006-05-16,2.99
2006-05-17,3.03
2006-05-18,3.09
2006-05-19,3.08
2006-05-22,3.15
2006-05-23,3.12
2006-05-24,3.18
2006-05-25,3.13
2006-05-26,3.12
2006-05-29,3.12
2006-05-30,3.1
2006-05-31,3.12
2006-06-01,3.13
2006-06-02,3.22
2006-06-05,3.19
2006-06-06,3.24
2006-06-07,3.22
2006-06-08,3.26
2006-06-09,3.27
2006-06-12,3.25
2006-06-13,3.32
2006-06-14,3.32
2006-06-15,3.29
2006-06-16,3.26
2006-06-19,3.25
2006-06-20,3.28
2006-06-21,3.34
2006-06-22,3.32
2006-06-23,3.31
2006-06-26,3.34
2006-06-27,3.36
2006-06-28,3.33
2006-06-29,3.33
2006-06-30,3.35
2006-07-03,3.33
2006-07-04,3.33
2006-07-05,3.27
2006-07-06,3.31
2006-07-07,3.33
2006-07-10,3.3
2006-07-11,3.33
2006-07-12,3.32
2006-07-13,3.39
2006-07-14,3.44
2006-07-17,3.42
2006-07-18,3.37
2006-07-19,3.42
2006-07-20,3.43
2006-07-21,3.41
2006-07-24,3.41
2006-07-25,3.38
2006-07-26,3.38
2006-07-27,3.36
2006-07-28,3.4
2006-07-31,3.45
2006-08-01,3.44
2006-08-02,3.42
2006-08-03,3.42
2006-08-04,3.44
2006-08-07,3.42
2006-08-08,3.41
2006-08-09,3.41
2006-08-10,3.42
2006-08-11,3.39
2006-08-14,3.36
2006-08-15,3.39
2006-08-16,3.42
2006-08-17,3.38
2006-08-18,3.41
2006-08-21,3.43
2006-08-22,3.43
2006-08-23,3.43
2006-08-24,3.43
2006-08-25,3.44
2006-08-28,3.41
2006-08-29,3.41
2006-08-30,3.42
2006-08-31,3.49
2006-09-01,3.49
2006-09-04,3.49
2006-09-05,3.43
2006-09-06,3.4
2006-09-07,3.41
2006-09-08,3.42
2006-09-11,3.39
2006-09-12,3.4
2006-09-13,3.38
2006-09-14,3.35
2006-09-15,3.33
2006-09-18,3.33
2006-09-19,3.4
2006-09-20,3.39
2006-09-21,3.48
2006-09-22,3.53
2006-09-25,3.55
2006-09-26,3.5
2006-09-27,3.46
2006-09-28,3.44
2006-09-29,3.42
2006-09-30,3.44
2006-10-02,3.44
2006-10-03,3.43
2006-10-04,3.45
2006-10-05,3.39
2006-10-06,3.31
2006-10-09,3.31
2006-10-10,3.27
2006-10-11,3.23
2006-10-12,3.22
2006-10-13,3.19
2006-10-16,3.18
2006-10-17,3.19
2006-10-18,3.18
2006-10-19,3.17
2006-10-20,3.17
2006-10-23,3.14
2006-10-24,3.15
2006-10-25,3.19
2006-10-26,3.21
2006-10-27,3.23
2006-10-30,3.21
2006-10-31,3.29
2006-11-01,3.3
2006-11-02,3.24
2006-11-03,3.12
2006-11-06,3.13
2006-11-07,3.14
2006-11-08,3.15
2006-11-09,3.13
2006-11-10,3.15
2006-11-13,3.12
2006-11-14,3.13
2006-11-15,3.05
2006-11-16,2.99
2006-11-17,3.06
2006-11-20,3.07
2006-11-21,3.13
2006-11-22,3.14
2006-11-23,3.14
2006-11-24,3.15
2006-11-27,3.17
2006-11-28,3.22
2006-11-29,3.15
2006-11-30,3.2
2006-12-01,3.21
2006-12-04,3.2
2006-12-05,3.14
2006-12-06,3.07
2006-12-07,3.05
2006-12-08,3.0
2006-12-11,3.02
2006-12-12,3.06
2006-12-13,3.0
2006-12-14,3.0
2006-12-15,2.98
2006-12-18,2.99
2006-12-19,2.98
2006-12-20,2.97
2006-12-21,2.99
2006-12-22,2.93
2006-12-25,
2006-12-26,2.93
2006-12-27,2.87
2006-12-28,2.83
2006-12-29,2.82
2006-12-31,2.89
2007-01-01,
2007-01-02,2.91
2007-01-03,2.91
2007-01-04,2.95
2007-01-05,2.93
2007-01-08,2.92
2007-01-09,2.89
2007-01-10,2.87
2007-01-11,2.82
2007-01-12,2.8
2007-01-15,2.79
2007-01-16,2.78
2007-01-17,2.72
2007-01-18,2.73
2007-01-19,2.7
2007-01-22,2.69
2007-01-23,2.65
2007-01-24,2.63
2007-01-25,2.57
2007-01-26,2.59
2007-01-29,2.58
2007-01-30,2.62
2007-01-31,2.72
2007-02-01,2.66
2007-02-02,2.67
2007-02-05,2.67
2007-02-06,2.67
2007-02-07,2.65
2007-02-08,2.65
2007-02-09,2.59
2007-02-12,2.59
2007-02-13,2.58
2007-02-14,2.62
2007-02-15,2.59
2007-02-16,2.57
2007-02-19,2.57
2007-02-20,2.57
2007-02-21,2.53
2007-02-22,2.49
2007-02-23,2.55
2007-02-26,2.58
2007-02-27,2.79
2007-02-28,2.82
2007-03-01,2.83
2007-03-02,2.91
2007-03-05,2.99
2007-03-06,2.94
2007-03-07,2.91
2007-03-08,2.85
2007-03-09,2.75
2007-03-12,2.8
2007-03-13,2.92
2007-03-14,2.94
2007-03-15,2.88
2007-03-16,2.88
2007-03-19,2.85
2007-03-20,2.88
2007-03-21,2.91
2007-03-22,2.81
2007-03-23,2.79
2007-03-26,2.82
2007-03-27,2.81
2007-03-28,2.84
2007-03-29,2.82
2007-03-30,2.8
2007-03-31,2.85
2007-04-02,2.86
2007-04-03,2.83
2007-04-04,2.87
2007-04-05,2.84
2007-04-06,
2007-04-09,2.76
2007-04-10,2.78
2007-04-11,2.75
2007-04-12,2.75
2007-04-13,2.71
2007-04-16,2.7
2007-04-17,2.72
2007-04-18,2.73
2007-04-19,2.71
2007-04-20,2.68
2007-04-23,2.68
2007-04-24,2.7
2007-04-25,2.67
2007-04-26,2.63
2007-04-27,2.63
2007-04-30,2.74
2007-05-01,2.74
2007-05-02,2.72
2007-05-03,2.67
2007-05-04,2.7
2007-05-07,2.69
2007-05-08,2.69
2007-05-09,2.64
2007-05-10,2.65
2007-05-11,2.63
2007-05-14,2.61
2007-05-15,2.57
2007-05-16,2.58
2007-05-17,2.55
2007-05-18,2.51
2007-05-21,2.5
2007-05-22,2.46
2007-05-23,2.44
2007-05-24,2.45
2007-05-25,2.45
2007-05-28,
2007-05-29,2.42
2007-05-30,2.44
2007-05-31,2.46
2007-06-01,2.41
2007-06-04,2.44
2007-06-05,2.41
2007-06-06,2.48
2007-06-07,2.48
2007-06-08,2.51
2007-06-11,2.5
2007-06-12,2.49
2007-06-13,2.53
2007-06-14,2.49
2007-06-15,2.51
2007-06-18,2.52
2007-06-19,2.6
2007-06-20,2.59
2007-06-21,2.66
2007-06-22,2.69
2007-06-25,2.8
2007-06-26,2.79
2007-06-27,2.88
2007-06-28,2.83
2007-06-29,2.89
2007-06-30,2.98
2007-07-02,3.03
2007-07-03,2.99
2007-07-04,2.99
2007-07-05,2.92
2007-07-06,2.9
2007-07-09,2.93
2007-07-10,3.12
2007-07-11,3.16
2007-07-12,3.08
2007-07-13,3.06
2007-07-16,3.07
2007-07-17,3.05
2007-07-18,3.2
2007-07-19,3.2
2007-07-20,3.37
2007-07-23,3.44
2007-07-24,3.61
2007-07-25,3.71
2007-07-26,4.13
2007-07-27,4.28
2007-07-30,4.24
2007-07-31,4.19
2007-08-01,4.28
2007-08-02,4.18
2007-08-03,4.24
2007-08-06,4.28
2007-08-07,4.2
2007-08-08,3.93
2007-08-09,4.04
2007-08-10,4.12
2007-08-13,4.08
2007-08-14,4.16
2007-08-15,4.27
2007-08-16,4.59
2007-08-17,4.48
2007-08-20,4.5
2007-08-21,4.53
2007-08-22,4.42
2007-08-23,4.34
2007-08-24,4.29
2007-08-27,4.3
2007-08-28,4.44
2007-08-29,4.43
2007-08-30,4.48
2007-08-31,4.55
2007-09-03,4.55
2007-09-04,4.53
2007-09-05,4.6
2007-09-06,4.56
2007-09-07,4.73
2007-09-10,4.79
2007-09-11,4.74
2007-09-12,4.69
2007-09-13,4.57
2007-09-14,4.58
2007-09-17,4.52
2007-09-18,4.46
2007-09-19,4.3
2007-09-20,4.21
2007-09-21,4.16
2007-09-24,4.1
2007-09-25,4.17
2007-09-26,4.14
2007-09-27,4.15
2007-09-28,4.16
2007-09-30,4.2
2007-10-01,4.19
2007-10-02,4.2
2007-10-03,4.16
2007-10-04,4.15
2007-10-05,4.02
2007-10-08,4.02
2007-10-09,3.95
2007-10-10,3.91
2007-10-11,3.86
2007-10-12,3.83
2007-10-15,3.81
2007-10-16,3.91
2007-10-17,4.07
2007-10-18,4.2
2007-10-19,4.36
2007-10-22,4.39
2007-10-23,4.34
2007-10-24,4.42
2007-10-25,4.4
2007-10-26,4.39
2007-10-29,4.38
2007-10-30,4.38
2007-10-31,4.36
2007-11-01,4.53
2007-11-02,4.65
2007-11-05,4.69
2007-11-06,4.66
2007-11-07,4.76
2007-11-08,4.91
2007-11-09,5.02
2007-11-12,5.02
2007-11-13,5.07
2007-11-14,5.04
2007-11-15,5.25
2007-11-16,5.37
2007-11-19,5.61
2007-11-20,5.71
2007-11-21,5.87
2007-11-22,5.87
2007-11-23,5.8
2007-11-26,5.92
2007-11-27,5.88
2007-11-28,5.73
2007-11-29,5.73
2007-11-30,5.75
2007-12-03,5.82
2007-12-04,5.89
2007-12-05,5.86
2007-12-06,5.78
2007-12-07,5.63
2007-12-10,5.55
2007-12-11,5.68
2007-12-12,5.61
2007-12-13,5.58
2007-12-14,5.54
2007-12-17,5.58
2007-12-18,5.66
2007-12-19,5.71
2007-12-20,5.79
2007-12-21,5.68
2007-12-24,5.65
2007-12-25,
2007-12-26,5.59
2007-12-27,5.64
2007-12-28,5.73
2007-12-31,5.92
2008-01-01,
2008-01-02,6.1
2008-01-03,6.17
2008-01-04,6.36
2008-01-07,6.45
2008-01-08,6.51
2008-01-09,6.73
2008-01-10,6.63
2008-01-11,6.68
2008-01-14,6.66
2008-01-15,6.74
2008-01-16,6.83
2008-01-17,6.99
2008-01-18,7.04
2008-01-21,7.05
2008-01-22,7.39
2008-01-23,7.48
2008-01-24,7.12
2008-01-25,6.99
2008-01-28,7.03
2008-01-29,6.85
2008-01-30,6.78
2008-01-31,6.95
2008-02-01,6.96
2008-02-04,6.92
2008-02-05,7.06
2008-02-06,7.09
2008-02-07,7.1
2008-02-08,7.25
2008-02-11,7.37
2008-02-12,7.37
2008-02-13,7.38
2008-02-14,7.25
2008-02-15,7.3
2008-02-18,7.3
2008-02-19,7.25
2008-02-20,7.25
2008-02-21,7.35
2008-02-22,7.35
2008-02-25,7.21
2008-02-26,7.17
2008-02-27,7.18
2008-02-28,7.37
2008-02-29,7.67
2008-03-03,7.75
2008-03-04,7.76
2008-03-05,7.68
2008-03-06,7.79
2008-03-07,7.92
2008-03-10,8.08
2008-03-11,7.95
2008-03-12,8.13
2008-03-13,8.27
2008-03-14,8.38
2008-03-17,8.62
2008-03-18,8.39
2008-03-19,8.37
2008-03-20,8.4
2008-03-21,
2008-03-24,8.07
2008-03-25,7.97
2008-03-26,7.99
2008-03-27,7.94
2008-03-28,7.99
2008-03-31,8.21
2008-04-01,8.02
2008-04-02,7.86
2008-04-03,7.78
2008-04-04,7.76
2008-04-07,7.54
2008-04-08,7.58
2008-04-09,7.71
2008-04-10,7.7
2008-04-11,7.76
2008-04-14,7.74
2008-04-15,7.65
2008-04-16,7.46
2008-04-17,7.36
2008-04-18,7.15
2008-04-21,7.13
2008-04-22,7.07
2008-04-23,7.05
2008-04-24,6.92
2008-04-25,6.84
2008-04-28,6.85
2008-04-29,6.86
2008-04-30,6.86
2008-05-01,6.81
2008-05-02,6.64
2008-05-05,6.65
2008-05-06,6.7
2008-05-07,6.72
2008-05-08,6.83
2008-05-09,6.9
2008-05-12,6.9
2008-05-13,6.76
2008-05-14,6.65
2008-05-15,6.69
2008-05-16,6.63
2008-05-19,6.6
2008-05-20,6.68
2008-05-21,6.64
2008-05-22,6.59
2008-05-23,6.7
2008-05-26,6.7
2008-05-27,6.72
2008-05-28,6.61
2008-05-29,6.55
2008-05-30,6.57
2008-05-31,6.53
2008-06-02,6.67
2008-06-03,6.78
2008-06-04,6.79
2008-06-05,6.63
2008-06-06,6.68
2008-06-09,6.58
2008-06-10,6.49
2008-06-11,6.56
2008-06-12,6.43
2008-06-13,6.39
2008-06-16,6.37
2008-06-17,6.4
2008-06-18,6.53
2008-06-19,6.53
2008-06-20,6.7
2008-06-23,6.76
2008-06-24,7.01
2008-06-25,7.02
2008-06-26,7.27
2008-06-27,7.41
2008-06-30,7.35
2008-07-01,7.48
2008-07-02,7.53
2008-07-03,7.63
2008-07-04,7.63
2008-07-07,7.76
2008-07-08,7.87
2008-07-09,7.82
2008-07-10,7.9
2008-07-11,7.88
2008-07-14,7.89
2008-07-15,8.06
2008-07-16,8.01
2008-07-17,7.79
2008-07-18,7.67
2008-07-21,7.58
2008-07-22,7.6
2008-07-23,7.46
2008-07-24,7.64
2008-07-25,7.6
2008-07-28,7.79
2008-07-29,7.82
2008-07-30,7.81
2008-07-31,8.0
2008-08-01,8.13
2008-08-04,8.14
2008-08-05,8.11
2008-08-06,8.05
2008-08-07,8.16
2008-08-08,8.14
2008-08-11,8.07
2008-08-12,8.11
2008-08-13,8.09
2008-08-14,8.11
2008-08-15,8.12
2008-08-18,8.17
2008-08-19,8.23
2008-08-20,8.3
2008-08-21,8.29
2008-08-22,8.25
2008-08-25,8.32
2008-08-26,8.32
2008-08-27,8.34
2008-08-28,8.29
2008-08-29,8.28
2008-08-31,8.36
2008-09-01,8.36
2008-09-02,8.42
2008-09-03,8.48
2008-09-04,8.55
2008-09-05,8.55
2008-09-08,8.46
2008-09-09,8.53
2008-09-10,8.55
2008-09-11,8.62
2008-09-12,8.54
2008-09-15,9.05
2008-09-16,9.29
2008-09-17,9.64
2008-09-18,9.83
2008-09-19,9.21
2008-09-22,9.21
2008-09-23,9.39
2008-09-24,9.67
2008-09-25,9.87
2008-09-26,10.25
2008-09-29,10.75
2008-09-30,10.96
2008-10-01,11.24
2008-10-02,12.0
2008-10-03,12.24
2008-10-06,13.07
2008-10-07,13.18
2008-10-08,13.51
2008-10-09,13.91
2008-10-10,15.36
2008-10-13,15.38
2008-10-14,14.5
2008-10-15,15.14
2008-10-16,15.72
2008-10-17,15.95
2008-10-20,15.76
2008-10-21,15.87
2008-10-22,16.05
2008-10-23,16.34
2008-10-24,16.69
2008-10-27,16.81
2008-10-28,16.67
2008-10-29,16.21
2008-10-30,15.91
2008-10-31,16.17
2008-11-03,16.29
2008-11-04,16.18
2008-11-05,16.08
2008-11-06,16.19
2008-11-07,16.31
2008-11-10,16.35
2008-11-11,16.36
2008-11-12,16.84
2008-11-13,17.06
2008-11-14,17.16
2008-11-17,17.43
2008-11-18,17.96
2008-11-19,18.61
2008-11-20,19.48
2008-11-21,19.92
2008-11-24,19.87
2008-11-25,19.86
2008-11-26,19.76
2008-11-27,19.77
2008-11-28,19.78
2008-11-30,19.88
2008-12-01,20.2
2008-12-02,20.19
2008-12-03,20.39
2008-12-04,20.54
2008-12-05,20.74
2008-12-08,20.62
2008-12-09,20.59
2008-12-10,20.66
2008-12-11,20.92
2008-12-12,21.3
2008-12-15,21.82
2008-12-16,21.44
2008-12-17,21.06
2008-12-18,20.72
2008-12-19,20.43
2008-12-22,20.18
2008-12-23,19.82
2008-12-24,19.79
2008-12-25,
2008-12-26,19.55
2008-12-29,19.25
2008-12-30,18.48
2008-12-31,18.12
2009-01-01,
2009-01-02,17.84
2009-01-05,17.44
2009-01-06,16.68
2009-01-07,16.42
2009-01-08,16.67
2009-01-09,16.65
2009-01-12,16.67
2009-01-13,16.82
2009-01-14,16.86
2009-01-15,16.97
2009-01-16,16.79
2009-01-19,16.81
2009-01-20,16.79
2009-01-21,16.71
2009-01-22,16.69
2009-01-23,16.73
2009-01-26,16.74
2009-01-27,16.76
2009-01-28,16.4
2009-01-29,16.22
2009-01-30,16.22
2009-01-31,16.26
2009-02-02,16.4
2009-02-03,16.3
2009-02-04,16.15
2009-02-05,16.13
2009-02-06,16.05
2009-02-09,15.98
2009-02-10,16.07
2009-02-11,16.17
2009-02-12,16.27
2009-02-13,16.21
2009-02-16,16.06
2009-02-17,16.45
2009-02-18,16.59
2009-02-19,16.48
2009-02-20,16.76
2009-02-23,16.85
2009-02-24,17.22
2009-02-25,17.17
2009-02-26,17.18
2009-02-27,17.39
2009-02-28,17.38
2009-03-02,17.84
2009-03-03,18.09
2009-03-04,18.28
2009-03-05,18.59
2009-03-06,18.66
2009-03-09,18.86
2009-03-10,18.71
2009-03-11,18.38
2009-03-12,18.29
2009-03-13,18.04
2009-03-16,17.63
2009-03-17,17.58
2009-03-18,17.97
2009-03-19,17.74
2009-03-20,17.74
2009-03-23,17.56
2009-03-24,17.45
2009-03-25,17.26
2009-03-26,17.09
2009-03-27,16.75
2009-03-30,16.89
2009-03-31,17.03
2009-04-01,17.12
2009-04-02,16.78
2009-04-03,16.53
2009-04-06,16.43
2009-04-07,16.44
2009-04-08,16.36
2009-04-09,16.19
2009-04-10,
2009-04-13,16.16
2009-04-14,15.85
2009-04-15,15.74
2009-04-16,15.44
2009-04-17,15.05
2009-04-20,15.17
2009-04-21,15.35
2009-04-22,15.27
2009-04-23,15.17
2009-04-24,14.87
2009-04-27,14.91
2009-04-28,14.79
2009-04-29,14.46
2009-04-30,13.45
2009-05-01,13.34
2009-05-04,13.23
2009-05-05,13.08
2009-05-06,12.94
2009-05-07,12.54
2009-05-08,12.41
2009-05-11,12.58
2009-05-12,12.64
2009-05-13,12.85
2009-05-14,12.91
2009-05-15,12.91
2009-05-18,12.82
2009-05-19,12.67
2009-05-20,12.45
2009-05-21,12.32
2009-05-22,12.13
2009-05-25,12.15
2009-05-26,12.09
2009-05-27,11.87
2009-05-28,11.74
2009-05-29,11.76
2009-05-31,11.7
2009-06-01,11.36
2009-06-02,11.19
2009-06-03,11.17
2009-06-04,11.01
2009-06-05,10.7
2009-06-08,10.6
2009-06-09,10.59
2009-06-10,10.42
2009-06-11,10.43
2009-06-12,10.41
2009-06-15,10.4
2009-06-16,10.48
2009-06-17,10.73
2009-06-18,10.74
2009-06-19,10.75
2009-06-22,10.93
2009-06-23,11.03
2009-06-24,11.01
2009-06-25,11.09
2009-06-26,11.09
2009-06-29,11.05
2009-06-30,10.55
2009-07-01,10.5
2009-07-02,10.52
2009-07-03,10.52
2009-07-06,10.61
2009-07-07,10.63
2009-07-08,10.84
2009-07-09,10.79
2009-07-10,10.89
2009-07-13,10.92
2009-07-14,10.76
2009-07-15,10.52
2009-07-16,10.57
2009-07-17,10.41
2009-07-20,10.37
2009-07-21,10.29
2009-07-22,10.18
2009-07-23,9.88
2009-07-24,9.8
2009-07-27,9.66
2009-07-28,9.56
2009-07-29,9.44
2009-07-30,9.33
2009-07-31,9.22
2009-08-03,8.99
2009-08-04,8.88
2009-08-05,8.77
2009-08-06,8.73
2009-08-07,8.57
2009-08-10,8.58
2009-08-11,8.64
2009-08-12,8.78
2009-08-13,8.91
2009-08-14,8.94
2009-08-17,9.17
2009-08-18,9.19
2009-08-19,9.25
2009-08-20,9.27
2009-08-21,9.13
2009-08-24,9.14
2009-08-25,9.12
2009-08-26,9.11
2009-08-27,9.07
2009-08-28,9.04
2009-08-31,9.12
2009-09-01,9.18
2009-09-02,9.23
2009-09-03,9.19
2009-09-04,9.09
2009-09-07,9.1
2009-09-08,9.03
2009-09-09,8.98
2009-09-10,8.93
2009-09-11,8.78
2009-09-14,8.57
2009-09-15,8.35
2009-09-16,8.09
2009-09-17,8.09
2009-09-18,7.98
2009-09-21,8.0
2009-09-22,7.93
2009-09-23,7.88
2009-09-24,7.87
2009-09-25,7.89
2009-09-28,7.95
2009-09-29,7.91
2009-09-30,7.93
2009-10-01,8.11
2009-10-02,8.2
2009-10-05,8.15
2009-10-06,8.05
2009-10-07,8.11
2009-10-08,8.0
2009-10-09,7.87
2009-10-12,7.88
2009-10-13,7.93
2009-10-14,7.76
2009-10-15,7.69
2009-10-16,7.69
2009-10-19,7.67
2009-10-20,7.66
2009-10-21,7.58
2009-10-22,7.52
2009-10-23,7.45
2009-10-26,7.35
2009-10-27,7.47
2009-10-28,7.59
2009-10-29,7.56
2009-10-30,7.66
2009-10-31,7.6
2009-11-02,7.6
2009-11-03,7.61
2009-11-04,7.55
2009-11-05,7.56
2009-11-06,7.6
2009-11-09,7.57
2009-11-10,7.52
2009-11-11,7.52
2009-11-12,7.54
2009-11-13,7.52
2009-11-16,7.55
2009-11-17,7.55
2009-11-18,7.51
2009-11-19,7.55
2009-11-20,7.54
2009-11-23,7.52
2009-11-24,7.56
2009-11-25,7.57
2009-11-26,7.57
2009-11-27,7.64
2009-11-30,7.65
2009-12-01,7.58
2009-12-02,7.49
2009-12-03,7.4
2009-12-04,7.24
2009-12-07,7.26
2009-12-08,7.31
2009-12-09,7.26
2009-12-10,7.18
2009-12-11,7.09
2009-12-14,6.97
2009-12-15,6.86
2009-12-16,6.82
2009-12-17,6.91
2009-12-18,6.84
2009-12-21,6.72
2009-12-22,6.65
2009-12-23,6.6
2009-12-24,6.54
2009-12-25,
2009-12-28,6.5
2009-12-29,6.49
2009-12-30,6.5
2009-12-31,6.39
