Date,10Y_Treasury
1999-01-01,
1999-01-04,4.69
1999-01-05,4.74
1999-01-06,4.73
1999-01-07,4.77
1999-01-08,4.86
1999-01-11,4.9
1999-01-12,4.82
1999-01-13,4.74
1999-01-14,4.63
1999-01-15,4.66
1999-01-18,
1999-01-19,4.71
1999-01-20,4.76
1999-01-21,4.7
1999-01-22,4.64
1999-01-25,4.67
1999-01-26,4.69
1999-01-27,4.68
1999-01-28,4.67
1999-01-29,4.66
1999-02-01,4.75
1999-02-02,4.79
1999-02-03,4.83
1999-02-04,4.89
1999-02-05,4.94
1999-02-08,4.94
1999-02-09,4.91
1999-02-10,4.9
1999-02-11,4.93
1999-02-12,5.06
1999-02-15,
1999-02-16,5.03
1999-02-17,4.98
1999-02-18,5.04
1999-02-19,5.07
1999-02-22,5.03
1999-02-23,5.1
1999-02-24,5.18
1999-02-25,5.32
1999-02-26,5.29
1999-03-01,5.4
1999-03-02,5.35
1999-03-03,5.39
1999-03-04,5.41
1999-03-05,5.34
1999-03-08,5.29
1999-03-09,5.18
1999-03-10,5.2
1999-03-11,5.21
1999-03-12,5.16
1999-03-15,5.15
1999-03-16,5.11
1999-03-17,5.14
1999-03-18,5.11
1999-03-19,5.17
1999-03-22,5.21
1999-03-23,5.2
1999-03-24,5.17
1999-03-25,5.21
1999-03-26,5.21
1999-03-29,5.28
1999-03-30,5.21
1999-03-31,5.25
1999-04-01,5.27
1999-04-02,5.2
1999-04-05,5.2
1999-04-06,5.13
1999-04-07,5.14
1999-04-08,5.03
1999-04-09,5.05
1999-04-12,5.06
1999-04-13,5.12
1999-04-14,5.13
1999-04-15,5.18
1999-04-16,5.23
1999-04-19,5.18
1999-04-20,5.16
1999-04-21,5.17
1999-04-22,5.25
1999-04-23,5.26
1999-04-26,5.23
1999-04-27,5.22
1999-04-28,5.27
1999-04-29,5.22
1999-04-30,5.36
1999-05-03,5.38
1999-05-04,5.42
1999-05-05,5.4
1999-05-06,5.52
1999-05-07,5.54
1999-05-10,5.54
1999-05-11,5.59
1999-05-12,5.51
1999-05-13,5.41
1999-05-14,5.62
1999-05-17,5.66
1999-05-18,5.68
1999-05-19,5.6
1999-05-20,5.6
1999-05-21,5.52
1999-05-24,5.5
1999-05-25,5.49
1999-05-26,5.55
1999-05-27,5.62
1999-05-28,5.64
1999-05-31,
1999-06-01,5.78
1999-06-02,5.8
1999-06-03,5.8
1999-06-04,5.82
1999-06-07,5.81
1999-06-08,5.83
1999-06-09,5.87
1999-06-10,5.92
1999-06-11,6.02
1999-06-14,5.98
1999-06-15,5.98
1999-06-16,5.94
1999-06-17,5.79
1999-06-18,5.84
1999-06-21,5.9
1999-06-22,5.94
1999-06-23,6.0
1999-06-24,6.05
1999-06-25,6.02
1999-06-28,5.96
1999-06-29,5.93
1999-06-30,5.81
1999-07-01,5.85
1999-07-02,5.82
1999-07-05,
1999-07-06,5.88
1999-07-07,5.92
1999-07-08,5.85
1999-07-09,5.84
1999-07-12,5.74
1999-07-13,5.71
1999-07-14,5.74
1999-07-15,5.72
1999-07-16,5.68
1999-07-19,5.66
1999-07-20,5.65
1999-07-21,5.66
1999-07-22,5.78
1999-07-23,5.84
1999-07-26,5.86
1999-07-27,5.82
1999-07-28,5.81
1999-07-29,5.88
1999-07-30,5.92
1999-08-02,5.92
1999-08-03,5.95
1999-08-04,5.96
1999-08-05,5.88
1999-08-06,6.02
1999-08-09,6.13
1999-08-10,6.16
1999-08-11,6.05
1999-08-12,6.08
1999-08-13,5.98
1999-08-16,5.98
1999-08-17,5.89
1999-08-18,5.88
1999-08-19,5.9
1999-08-20,5.88
1999-08-23,5.89
1999-08-24,5.85
1999-08-25,5.73
1999-08-26,5.75
1999-08-27,5.85
1999-08-30,5.95
1999-08-31,5.98
1999-09-01,5.99
1999-09-02,6.03
1999-09-03,5.89
1999-09-06,
1999-09-07,5.95
1999-09-08,5.93
1999-09-09,5.97
1999-09-10,5.89
1999-09-13,5.92
1999-09-14,5.96
1999-09-15,5.94
1999-09-16,5.9
1999-09-17,5.87
1999-09-20,5.91
1999-09-21,5.94
1999-09-22,5.92
1999-09-23,5.87
1999-09-24,5.75
1999-09-27,5.83
1999-09-28,5.89
1999-09-29,5.97
1999-09-30,5.9
1999-10-01,6.0
1999-10-04,5.95
1999-10-05,6.02
1999-10-06,6.04
1999-10-07,6.05
1999-10-08,6.04
1999-10-11,
1999-10-12,6.07
1999-10-13,6.12
1999-10-14,6.17
1999-10-15,6.09
1999-10-18,6.12
1999-10-19,6.18
1999-10-20,6.19
1999-10-21,6.2
1999-10-22,6.21
1999-10-25,6.22
1999-10-26,6.24
1999-10-27,6.19
1999-10-28,6.12
1999-10-29,6.02
1999-11-01,6.06
1999-11-02,6.04
1999-11-03,6.01
1999-11-04,5.95
1999-11-05,5.92
1999-11-08,5.95
1999-11-09,5.97
1999-11-10,6.0
1999-11-11,
1999-11-12,5.93
1999-11-15,5.94
1999-11-16,5.97
1999-11-17,6.04
1999-11-18,6.06
1999-11-19,6.07
1999-11-22,6.09
1999-11-23,6.08
1999-11-24,6.09
1999-11-25,
1999-11-26,6.12
1999-11-29,6.21
1999-11-30,6.18
1999-12-01,6.21
1999-12-02,6.24
1999-12-03,6.17
1999-12-06,6.16
1999-12-07,6.11
1999-12-08,6.15
1999-12-09,6.14
1999-12-10,6.08
1999-12-13,6.11
1999-12-14,6.22
1999-12-15,6.25
1999-12-16,6.31
1999-12-17,6.3
1999-12-20,6.36
1999-12-21,6.38
1999-12-22,6.39
1999-12-23,6.41
1999-12-24,
1999-12-27,6.4
1999-12-28,6.43
1999-12-29,6.4
1999-12-30,6.39
1999-12-31,6.45
2000-01-03,6.58
2000-01-04,6.49
2000-01-05,6.62
2000-01-06,6.57
2000-01-07,6.52
2000-01-10,6.57
2000-01-11,6.67
2000-01-12,6.72
2000-01-13,6.63
2000-01-14,6.69
2000-01-17,
2000-01-18,6.75
2000-01-19,6.73
2000-01-20,6.79
2000-01-21,6.79
2000-01-24,6.69
2000-01-25,6.7
2000-01-26,6.69
2000-01-27,6.68
2000-01-28,6.66
2000-01-31,6.68
2000-02-01,6.62
2000-02-02,6.6
2000-02-03,6.49
2000-02-04,6.53
2000-02-07,6.64
2000-02-08,6.59
2000-02-09,6.56
2000-02-10,6.67
2000-02-11,6.63
2000-02-14,6.56
2000-02-15,6.56
2000-02-16,6.56
2000-02-17,6.58
2000-02-18,6.49
2000-02-21,
2000-02-22,6.36
2000-02-23,6.44
2000-02-24,6.36
2000-02-25,6.36
2000-02-28,6.37
2000-02-29,6.42
2000-03-01,6.39
2000-03-02,6.4
2000-03-03,6.39
2000-03-06,6.42
2000-03-07,6.39
2000-03-08,6.38
2000-03-09,6.35
2000-03-10,6.39
2000-03-13,6.36
2000-03-14,6.31
2000-03-15,6.29
2000-03-16,6.26
2000-03-17,6.2
2000-03-20,6.18
2000-03-21,6.13
2000-03-22,6.13
2000-03-23,6.08
2000-03-24,6.2
2000-03-27,6.21
2000-03-28,6.17
2000-03-29,6.18
2000-03-30,6.06
2000-03-31,6.03
2000-04-03,6.0
2000-04-04,5.9
2000-04-05,5.9
2000-04-06,5.93
2000-04-07,5.86
2000-04-10,5.8
2000-04-11,5.89
2000-04-12,5.97
2000-04-13,5.94
2000-04-14,5.85
2000-04-17,6.01
2000-04-18,6.05
2000-04-19,5.99
2000-04-20,5.99
2000-04-21,
2000-04-24,6.0
2000-04-25,6.14
2000-04-26,6.14
2000-04-27,6.23
2000-04-28,6.23
2000-05-01,6.29
2000-05-02,6.32
2000-05-03,6.4
2000-05-04,6.46
2000-05-05,6.51
2000-05-08,6.57
2000-05-09,6.53
2000-05-10,6.47
2000-05-11,6.43
2000-05-12,6.51
2000-05-15,6.47
2000-05-16,6.43
2000-05-17,6.48
2000-05-18,6.56
2000-05-19,6.51
2000-05-22,6.44
2000-05-23,6.45
2000-05-24,6.47
2000-05-25,6.39
2000-05-26,6.33
2000-05-29,
2000-05-30,6.38
2000-05-31,6.29
2000-06-01,6.2
2000-06-02,6.15
2000-06-05,6.12
2000-06-06,6.14
2000-06-07,6.13
2000-06-08,6.13
2000-06-09,6.13
2000-06-12,6.09
2000-06-13,6.11
2000-06-14,6.06
2000-06-15,6.05
2000-06-16,5.99
2000-06-19,6.0
2000-06-20,6.03
2000-06-21,6.11
2000-06-22,6.12
2000-06-23,6.19
2000-06-26,6.11
2000-06-27,6.1
2000-06-28,6.11
2000-06-29,6.04
2000-06-30,6.03
2000-07-03,6.0
2000-07-04,
2000-07-05,5.99
2000-07-06,6.05
2000-07-07,6.01
2000-07-10,6.04
2000-07-11,6.06
2000-07-12,6.09
2000-07-13,6.01
2000-07-14,6.1
2000-07-17,6.17
2000-07-18,6.16
2000-07-19,6.16
2000-07-20,6.01
2000-07-21,6.01
2000-07-24,6.04
2000-07-25,6.04
2000-07-26,6.04
2000-07-27,6.02
2000-07-28,6.04
2000-07-31,6.04
2000-08-01,6.0
2000-08-02,5.98
2000-08-03,5.95
2000-08-04,5.91
2000-08-07,5.97
2000-08-08,5.93
2000-08-09,5.81
2000-08-10,5.76
2000-08-11,5.79
2000-08-14,5.78
2000-08-15,5.81
2000-08-16,5.83
2000-08-17,5.81
2000-08-18,5.78
2000-08-21,5.79
2000-08-22,5.78
2000-08-23,5.73
2000-08-24,5.73
2000-08-25,5.73
2000-08-28,5.78
2000-08-29,5.81
2000-08-30,5.81
2000-08-31,5.73
2000-09-01,5.68
2000-09-04,
2000-09-05,5.69
2000-09-06,5.72
2000-09-07,5.76
2000-09-08,5.73
2000-09-11,5.77
2000-09-12,5.78
2000-09-13,5.74
2000-09-14,5.79
2000-09-15,5.84
2000-09-18,5.88
2000-09-19,5.86
2000-09-20,5.91
2000-09-21,5.88
2000-09-22,5.85
2000-09-25,5.84
2000-09-26,5.81
2000-09-27,5.83
2000-09-28,5.82
2000-09-29,5.8
2000-10-02,5.83
2000-10-03,5.87
2000-10-04,5.9
2000-10-05,5.87
2000-10-06,5.82
2000-10-09,
2000-10-10,5.8
2000-10-11,5.77
2000-10-12,5.73
2000-10-13,5.73
2000-10-16,5.74
2000-10-17,5.68
2000-10-18,5.66
2000-10-19,5.66
2000-10-20,5.64
2000-10-23,5.59
2000-10-24,5.63
2000-10-25,5.67
2000-10-26,5.69
2000-10-27,5.72
2000-10-30,5.74
2000-10-31,5.77
2000-11-01,5.74
2000-11-02,5.74
2000-11-03,5.83
2000-11-06,5.87
2000-11-07,5.87
2000-11-08,5.87
2000-11-09,5.82
2000-11-10,5.82
2000-11-13,5.77
2000-11-14,5.76
2000-11-15,5.72
2000-11-16,5.68
2000-11-17,5.71
2000-11-20,5.68
2000-11-21,5.67
2000-11-22,5.62
2000-11-23,
2000-11-24,5.63
2000-11-27,5.64
2000-11-28,5.59
2000-11-29,5.55
2000-11-30,5.48
2000-12-01,5.52
2000-12-04,5.53
2000-12-05,5.43
2000-12-06,5.32
2000-12-07,5.32
2000-12-08,5.35
2000-12-11,5.37
2000-12-12,5.36
2000-12-13,5.29
2000-12-14,5.23
2000-12-15,5.2
2000-12-18,5.17
2000-12-19,5.19
2000-12-20,5.08
2000-12-21,5.03
2000-12-22,5.02
2000-12-25,
2000-12-26,5.04
2000-12-27,5.11
2000-12-28,5.13
2000-12-29,5.12
2001-01-01,
2001-01-02,4.92
2001-01-03,5.14
2001-01-04,5.03
2001-01-05,4.93
2001-01-08,4.94
2001-01-09,4.98
2001-01-10,5.1
2001-01-11,5.14
2001-01-12,5.25
2001-01-15,
2001-01-16,5.24
2001-01-17,5.19
2001-01-18,5.12
2001-01-19,5.19
2001-01-22,5.25
2001-01-23,5.3
2001-01-24,5.33
2001-01-25,5.29
2001-01-26,5.29
2001-01-29,5.32
2001-01-30,5.24
2001-01-31,5.19
2001-02-01,5.1
2001-02-02,5.17
2001-02-05,5.18
2001-02-06,5.22
2001-02-07,5.1
2001-02-08,5.1
2001-02-09,5.03
2001-02-12,5.05
2001-02-13,5.07
2001-02-14,5.13
2001-02-15,5.19
2001-02-16,5.11
2001-02-19,
2001-02-20,5.11
2001-02-21,5.14
2001-02-22,5.15
2001-02-23,5.1
2001-02-26,5.05
2001-02-27,4.96
2001-02-28,4.92
2001-03-01,4.87
2001-03-02,4.95
2001-03-05,4.98
2001-03-06,4.99
2001-03-07,4.92
2001-03-08,4.89
2001-03-09,4.95
2001-03-12,4.92
2001-03-13,4.95
2001-03-14,4.84
2001-03-15,4.81
2001-03-16,4.78
2001-03-19,4.82
2001-03-20,4.78
2001-03-21,4.77
2001-03-22,4.73
2001-03-23,4.8
2001-03-26,4.85
2001-03-27,5.0
2001-03-28,4.97
2001-03-29,4.98
2001-03-30,4.93
2001-04-02,4.98
2001-04-03,4.94
2001-04-04,4.94
2001-04-05,4.98
2001-04-06,4.89
2001-04-09,4.93
2001-04-10,5.09
2001-04-11,5.12
2001-04-12,5.17
2001-04-13,
2001-04-16,5.28
2001-04-17,5.21
2001-04-18,5.14
2001-04-19,5.27
2001-04-20,5.29
2001-04-23,5.2
2001-04-24,5.22
2001-04-25,5.28
2001-04-26,5.2
2001-04-27,5.34
2001-04-30,5.35
2001-05-01,5.3
2001-05-02,5.31
2001-05-03,5.22
2001-05-04,5.21
2001-05-07,5.21
2001-05-08,5.24
2001-05-09,5.2
2001-05-10,5.31
2001-05-11,5.51
2001-05-14,5.46
2001-05-15,5.5
2001-05-16,5.48
2001-05-17,5.46
2001-05-18,5.41
2001-05-21,5.41
2001-05-22,5.42
2001-05-23,5.41
2001-05-24,5.52
2001-05-25,5.52
2001-05-28,
2001-05-29,5.54
2001-05-30,5.54
2001-05-31,5.43
2001-06-01,5.39
2001-06-04,5.35
2001-06-05,5.29
2001-06-06,5.27
2001-06-07,5.33
2001-06-08,5.38
2001-06-11,5.32
2001-06-12,5.27
2001-06-13,5.28
2001-06-14,5.26
2001-06-15,5.27
2001-06-18,5.27
2001-06-19,5.26
2001-06-20,5.24
2001-06-21,5.22
2001-06-22,5.14
2001-06-25,5.16
2001-06-26,5.24
2001-06-27,5.26
2001-06-28,5.35
2001-06-29,5.42
2001-07-02,5.37
2001-07-03,5.41
2001-07-04,
2001-07-05,5.44
2001-07-06,5.41
2001-07-09,5.37
2001-07-10,5.32
2001-07-11,5.31
2001-07-12,5.27
2001-07-13,5.27
2001-07-16,5.21
2001-07-17,5.22
2001-07-18,5.12
2001-07-19,5.13
2001-07-20,5.15
2001-07-23,5.13
2001-07-24,5.13
2001-07-25,5.2
2001-07-26,5.19
2001-07-27,5.13
2001-07-30,5.11
2001-07-31,5.07
2001-08-01,5.11
2001-08-02,5.17
2001-08-03,5.2
2001-08-06,5.19
2001-08-07,5.2
2001-08-08,4.99
2001-08-09,5.04
2001-08-10,4.99
2001-08-13,4.97
2001-08-14,4.97
2001-08-15,5.0
2001-08-16,4.95
2001-08-17,4.84
2001-08-20,4.91
2001-08-21,4.87
2001-08-22,4.91
2001-08-23,4.89
2001-08-24,4.93
2001-08-27,4.94
2001-08-28,4.85
2001-08-29,4.78
2001-08-30,4.79
2001-08-31,4.85
2001-09-03,
2001-09-04,4.99
2001-09-05,4.97
2001-09-06,4.86
2001-09-07,4.8
2001-09-10,4.84
2001-09-11,
2001-09-12,
2001-09-13,4.64
2001-09-14,4.57
2001-09-17,4.63
2001-09-18,4.72
2001-09-19,4.69
2001-09-20,4.75
2001-09-21,4.7
2001-09-24,4.73
2001-09-25,4.72
2001-09-26,4.65
2001-09-27,4.58
2001-09-28,4.6
2001-10-01,4.55
2001-10-02,4.53
2001-10-03,4.5
2001-10-04,4.53
2001-10-05,4.52
2001-10-08,
2001-10-09,4.62
2001-10-10,4.61
2001-10-11,4.69
2001-10-12,4.68
2001-10-15,4.62
2001-10-16,4.59
2001-10-17,4.59
2001-10-18,4.58
2001-10-19,4.63
2001-10-22,4.63
2001-10-23,4.66
2001-10-24,4.61
2001-10-25,4.56
2001-10-26,4.53
2001-10-29,4.5
2001-10-30,4.44
2001-10-31,4.3
2001-11-01,4.24
2001-11-02,4.37
2001-11-05,4.31
2001-11-06,4.3
2001-11-07,4.22
2001-11-08,4.32
2001-11-09,4.34
2001-11-12,
2001-11-13,4.41
2001-11-14,4.54
2001-11-15,4.79
2001-11-16,4.91
2001-11-19,4.8
2001-11-20,4.88
2001-11-21,4.98
2001-11-22,
2001-11-23,5.04
2001-11-26,5.05
2001-11-27,4.98
2001-11-28,4.98
2001-11-29,4.79
2001-11-30,4.78
2001-12-03,4.75
2001-12-04,4.7
2001-12-05,4.92
2001-12-06,5.04
2001-12-07,5.2
2001-12-10,5.17
2001-12-11,5.13
2001-12-12,5.02
2001-12-13,5.13
2001-12-14,5.24
2001-12-17,5.26
2001-12-18,5.16
2001-12-19,5.08
2001-12-20,5.08
2001-12-21,5.12
2001-12-24,5.18
2001-12-25,
2001-12-26,5.22
2001-12-27,5.13
2001-12-28,5.15
2001-12-31,5.07
2002-01-01,
2002-01-02,5.2
2002-01-03,5.16
2002-01-04,5.18
2002-01-07,5.09
2002-01-08,5.1
2002-01-09,5.1
2002-01-10,5.0
2002-01-11,4.92
2002-01-14,4.91
2002-01-15,4.88
2002-01-16,4.88
2002-01-17,4.98
2002-01-18,4.94
2002-01-21,
2002-01-22,4.96
2002-01-23,5.05
2002-01-24,5.07
2002-01-25,5.1
2002-01-28,5.12
2002-01-29,5.02
2002-01-30,5.02
2002-01-31,5.07
2002-02-01,5.02
2002-02-04,4.94
2002-02-05,4.92
2002-02-06,4.92
2002-02-07,4.93
2002-02-08,4.9
2002-02-11,4.91
2002-02-12,4.97
2002-02-13,5.01
2002-02-14,4.95
2002-02-15,4.86
2002-02-18,
2002-02-19,4.88
2002-02-20,4.88
2002-02-21,4.88
2002-02-22,4.84
2002-02-25,4.86
2002-02-26,4.93
2002-02-27,4.84
2002-02-28,4.88
2002-03-01,4.98
2002-03-04,5.02
2002-03-05,5.02
2002-03-06,5.06
2002-03-07,5.22
2002-03-08,5.33
2002-03-11,5.33
2002-03-12,5.32
2002-03-13,5.28
2002-03-14,5.4
2002-03-15,5.35
2002-03-18,5.32
2002-03-19,5.33
2002-03-20,5.4
2002-03-21,5.39
2002-03-22,5.4
2002-03-25,5.41
2002-03-26,5.35
2002-03-27,5.35
2002-03-28,5.42
2002-03-29,
2002-04-01,5.44
2002-04-02,5.36
2002-04-03,5.3
2002-04-04,5.28
2002-04-05,5.22
2002-04-08,5.25
2002-04-09,5.22
2002-04-10,5.24
2002-04-11,5.22
2002-04-12,5.18
2002-04-15,5.15
2002-04-16,5.2
2002-04-17,5.24
2002-04-18,5.23
2002-04-19,5.21
2002-04-22,5.19
2002-04-23,5.18
2002-04-24,5.11
2002-04-25,5.1
2002-04-26,5.08
2002-04-29,5.13
2002-04-30,5.11
2002-05-01,5.08
2002-05-02,5.13
2002-05-03,5.08
2002-05-06,5.1
2002-05-07,5.09
2002-05-08,5.24
2002-05-09,5.2
2002-05-10,5.15
2002-05-13,5.23
2002-05-14,5.32
2002-05-15,5.28
2002-05-16,5.2
2002-05-17,5.27
2002-05-20,5.21
2002-05-21,5.18
2002-05-22,5.13
2002-05-23,5.16
2002-05-24,5.16
2002-05-27,
2002-05-28,5.16
2002-05-29,5.11
2002-05-30,5.06
2002-05-31,5.08
2002-06-03,5.06
2002-06-04,5.04
2002-06-05,5.08
2002-06-06,5.04
2002-06-07,5.1
2002-06-10,5.07
2002-06-11,5.02
2002-06-12,4.98
2002-06-13,4.94
2002-06-14,4.83
2002-06-17,4.89
2002-06-18,4.88
2002-06-19,4.76
2002-06-20,4.85
2002-06-21,4.79
2002-06-24,4.87
2002-06-25,4.88
2002-06-26,4.75
2002-06-27,4.84
2002-06-28,4.86
2002-07-01,4.85
2002-07-02,4.77
2002-07-03,4.78
2002-07-04,
2002-07-05,4.9
2002-07-08,4.84
2002-07-09,4.78
2002-07-10,4.66
2002-07-11,4.66
2002-07-12,4.63
2002-07-15,4.66
2002-07-16,4.75
2002-07-17,4.71
2002-07-18,4.66
2002-07-19,4.61
2002-07-22,4.51
2002-07-23,4.47
2002-07-24,4.49
2002-07-25,4.43
2002-07-26,4.43
2002-07-29,4.62
2002-07-30,4.65
2002-07-31,4.51
2002-08-01,4.47
2002-08-02,4.33
2002-08-05,4.29
2002-08-06,4.42
2002-08-07,4.35
2002-08-08,4.4
2002-08-09,4.27
2002-08-12,4.22
2002-08-13,4.12
2002-08-14,4.06
2002-08-15,4.17
2002-08-16,4.32
2002-08-19,4.29
2002-08-20,4.17
2002-08-21,4.2
2002-08-22,4.3
2002-08-23,4.25
2002-08-26,4.22
2002-08-27,4.29
2002-08-28,4.22
2002-08-29,4.16
2002-08-30,4.14
2002-09-02,
2002-09-03,3.98
2002-09-04,3.96
2002-09-05,3.91
2002-09-06,4.05
2002-09-09,4.05
2002-09-10,4.0
2002-09-11,4.07
2002-09-12,3.98
2002-09-13,3.92
2002-09-16,3.9
2002-09-17,3.87
2002-09-18,3.86
2002-09-19,3.79
2002-09-20,3.79
2002-09-23,3.7
2002-09-24,3.69
2002-09-25,3.77
2002-09-26,3.79
2002-09-27,3.69
2002-09-30,3.63
2002-10-01,3.72
2002-10-02,3.71
2002-10-03,3.7
2002-10-04,3.69
2002-10-07,3.64
2002-10-08,3.65
2002-10-09,3.61
2002-10-10,3.68
2002-10-11,3.83
2002-10-14,
2002-10-15,4.07
2002-10-16,4.06
2002-10-17,4.16
2002-10-18,4.14
2002-10-21,4.24
2002-10-22,4.27
2002-10-23,4.26
2002-10-24,4.16
2002-10-25,4.12
2002-10-28,4.1
2002-10-29,3.97
2002-10-30,3.99
2002-10-31,3.93
2002-11-01,4.01
2002-11-04,4.07
2002-11-05,4.1
2002-11-06,4.09
2002-11-07,3.88
2002-11-08,3.85
2002-11-11,
2002-11-12,3.84
2002-11-13,3.84
2002-11-14,4.03
2002-11-15,4.05
2002-11-18,4.02
2002-11-19,3.99
2002-11-20,4.08
2002-11-21,4.14
2002-11-22,4.18
2002-11-25,4.19
2002-11-26,4.08
2002-11-27,4.26
2002-11-28,
2002-11-29,4.22
2002-12-02,4.22
2002-12-03,4.24
2002-12-04,4.18
2002-12-05,4.13
2002-12-06,4.09
2002-12-09,4.06
2002-12-10,4.06
2002-12-11,4.01
2002-12-12,4.01
2002-12-13,4.07
2002-12-16,4.15
2002-12-17,4.13
2002-12-18,4.06
2002-12-19,3.96
2002-12-20,3.97
2002-12-23,3.98
2002-12-24,3.95
2002-12-25,
2002-12-26,3.93
2002-12-27,3.83
2002-12-30,3.82
2002-12-31,3.83
2003-01-01,
2003-01-02,4.07
2003-01-03,4.05
2003-01-06,4.09
2003-01-07,4.04
2003-01-08,4.0
2003-01-09,4.19
2003-01-10,4.16
2003-01-13,4.15
2003-01-14,4.1
2003-01-15,4.1
2003-01-16,4.1
2003-01-17,4.05
2003-01-20,
2003-01-21,4.01
2003-01-22,3.95
2003-01-23,3.98
2003-01-24,3.94
2003-01-27,3.98
2003-01-28,4.0
2003-01-29,4.06
2003-01-30,4.0
2003-01-31,4.0
2003-02-03,4.01
2003-02-04,3.96
2003-02-05,4.02
2003-02-06,3.97
2003-02-07,3.96
2003-02-10,3.99
2003-02-11,3.98
2003-02-12,3.93
2003-02-13,3.89
2003-02-14,3.95
2003-02-17,
2003-02-18,3.94
2003-02-19,3.88
2003-02-20,3.85
2003-02-21,3.9
2003-02-24,3.86
2003-02-25,3.81
2003-02-26,3.78
2003-02-27,3.76
2003-02-28,3.71
2003-03-03,3.68
2003-03-04,3.65
2003-03-05,3.63
2003-03-06,3.67
2003-03-07,3.63
2003-03-10,3.59
2003-03-11,3.6
2003-03-12,3.6
2003-03-13,3.74
2003-03-14,3.72
2003-03-17,3.82
2003-03-18,3.91
2003-03-19,3.98
2003-03-20,4.01
2003-03-21,4.11
2003-03-24,3.98
2003-03-25,3.97
2003-03-26,3.96
2003-03-27,3.95
2003-03-28,3.92
2003-03-31,3.83
2003-04-01,3.84
2003-04-02,3.94
2003-04-03,3.93
2003-04-04,3.96
2003-04-07,4.03
2003-04-08,3.95
2003-04-09,3.93
2003-04-10,3.95
2003-04-11,4.0
2003-04-14,4.04
2003-04-15,3.98
2003-04-16,3.96
2003-04-17,3.98
2003-04-18,
2003-04-21,4.0
2003-04-22,4.01
2003-04-23,4.02
2003-04-24,3.93
2003-04-25,3.91
2003-04-28,3.92
2003-04-29,3.96
2003-04-30,3.89
2003-05-01,3.88
2003-05-02,3.94
2003-05-05,3.92
2003-05-06,3.84
2003-05-07,3.72
2003-05-08,3.7
2003-05-09,3.69
2003-05-12,3.64
2003-05-13,3.63
2003-05-14,3.53
2003-05-15,3.53
2003-05-16,3.46
2003-05-19,3.46
2003-05-20,3.38
2003-05-21,3.39
2003-05-22,3.34
2003-05-23,3.34
2003-05-26,
2003-05-27,3.41
2003-05-28,3.44
2003-05-29,3.34
2003-05-30,3.37
2003-06-02,3.43
2003-06-03,3.34
2003-06-04,3.3
2003-06-05,3.34
2003-06-06,3.37
2003-06-09,3.29
2003-06-10,3.2
2003-06-11,3.21
2003-06-12,3.18
2003-06-13,3.13
2003-06-16,3.18
2003-06-17,3.27
2003-06-18,3.37
2003-06-19,3.35
2003-06-20,3.4
2003-06-23,3.32
2003-06-24,3.29
2003-06-25,3.38
2003-06-26,3.55
2003-06-27,3.58
2003-06-30,3.54
2003-07-01,3.56
2003-07-02,3.56
2003-07-03,3.67
2003-07-04,
2003-07-07,3.74
2003-07-08,3.75
2003-07-09,3.73
2003-07-10,3.7
2003-07-11,3.66
2003-07-14,3.74
2003-07-15,3.94
2003-07-16,3.97
2003-07-17,3.98
2003-07-18,4.0
2003-07-21,4.19
2003-07-22,4.17
2003-07-23,4.12
2003-07-24,4.2
2003-07-25,4.22
2003-07-28,4.31
2003-07-29,4.42
2003-07-30,4.34
2003-07-31,4.49
2003-08-01,4.44
2003-08-04,4.35
2003-08-05,4.47
2003-08-06,4.32
2003-08-07,4.3
2003-08-08,4.27
2003-08-11,4.38
2003-08-12,4.37
2003-08-13,4.58
2003-08-14,4.55
2003-08-15,4.55
2003-08-18,4.49
2003-08-19,4.38
2003-08-20,4.45
2003-08-21,4.53
2003-08-22,4.48
2003-08-25,4.53
2003-08-26,4.5
2003-08-27,4.54
2003-08-28,4.42
2003-08-29,4.45
2003-09-01,
2003-09-02,4.61
2003-09-03,4.6
2003-09-04,4.52
2003-09-05,4.35
2003-09-08,4.41
2003-09-09,4.37
2003-09-10,4.28
2003-09-11,4.35
2003-09-12,4.27
2003-09-15,4.28
2003-09-16,4.29
2003-09-17,4.2
2003-09-18,4.19
2003-09-19,4.17
2003-09-22,4.26
2003-09-23,4.24
2003-09-24,4.16
2003-09-25,4.12
2003-09-26,4.04
2003-09-29,4.09
2003-09-30,3.96
2003-10-01,3.96
2003-10-02,4.03
2003-10-03,4.21
2003-10-06,4.17
2003-10-07,4.27
2003-10-08,4.27
2003-10-09,4.32
2003-10-10,4.29
2003-10-13,
2003-10-14,4.37
2003-10-15,4.43
2003-10-16,4.47
2003-10-17,4.41
2003-10-20,4.41
2003-10-21,4.38
2003-10-22,4.29
2003-10-23,4.34
2003-10-24,4.24
2003-10-27,4.3
2003-10-28,4.23
2003-10-29,4.31
2003-10-30,4.36
2003-10-31,4.33
2003-11-03,4.4
2003-11-04,4.33
2003-11-05,4.38
2003-11-06,4.45
2003-11-07,4.48
2003-11-10,4.49
2003-11-11,
2003-11-12,4.44
2003-11-13,4.3
2003-11-14,4.22
2003-11-17,4.18
2003-11-18,4.17
2003-11-19,4.24
2003-11-20,4.16
2003-11-21,4.15
2003-11-24,4.23
2003-11-25,4.19
2003-11-26,4.25
2003-11-27,
2003-11-28,4.34
2003-12-01,4.4
2003-12-02,4.38
2003-12-03,4.41
2003-12-04,4.38
2003-12-05,4.23
2003-12-08,4.29
2003-12-09,4.32
2003-12-10,4.3
2003-12-11,4.27
2003-12-12,4.26
2003-12-15,4.28
2003-12-16,4.24
2003-12-17,4.19
2003-12-18,4.16
2003-12-19,4.15
2003-12-22,4.18
2003-12-23,4.28
2003-12-24,4.2
2003-12-25,
2003-12-26,4.17
2003-12-29,4.24
2003-12-30,4.29
2003-12-31,4.27
2004-01-01,
2004-01-02,4.38
2004-01-05,4.41
2004-01-06,4.29
2004-01-07,4.27
2004-01-08,4.27
2004-01-09,4.11
2004-01-12,4.11
2004-01-13,4.05
2004-01-14,4.01
2004-01-15,3.99
2004-01-16,4.04
2004-01-19,
2004-01-20,4.08
2004-01-21,4.05
2004-01-22,3.99
2004-01-23,4.09
2004-01-26,4.16
2004-01-27,4.11
2004-01-28,4.22
2004-01-29,4.22
2004-01-30,4.16
2004-02-02,4.18
2004-02-03,4.13
2004-02-04,4.15
2004-02-05,4.2
2004-02-06,4.12
2004-02-09,4.09
2004-02-10,4.13
2004-02-11,4.05
2004-02-12,4.1
2004-02-13,4.05
2004-02-16,
2004-02-17,4.05
2004-02-18,4.05
2004-02-19,4.05
2004-02-20,4.1
2004-02-23,4.05
2004-02-24,4.04
2004-02-25,4.02
2004-02-26,4.05
2004-02-27,3.99
2004-03-01,4.0
2004-03-02,4.05
2004-03-03,4.07
2004-03-04,4.04
2004-03-05,3.85
2004-03-08,3.78
2004-03-09,3.73
2004-03-10,3.74
2004-03-11,3.74
2004-03-12,3.78
2004-03-15,3.78
2004-03-16,3.7
2004-03-17,3.71
2004-03-18,3.76
2004-03-19,3.8
2004-03-22,3.74
2004-03-23,3.73
2004-03-24,3.73
2004-03-25,3.75
2004-03-26,3.85
2004-03-29,3.91
2004-03-30,3.91
2004-03-31,3.86
2004-04-01,3.91
2004-04-02,4.15
2004-04-05,4.24
2004-04-06,4.19
2004-04-07,4.19
2004-04-08,4.21
2004-04-09,
2004-04-12,4.25
2004-04-13,4.35
2004-04-14,4.4
2004-04-15,4.42
2004-04-16,4.37
2004-04-19,4.39
2004-04-20,4.43
2004-04-21,4.45
2004-04-22,4.4
2004-04-23,4.48
2004-04-26,4.46
2004-04-27,4.43
2004-04-28,4.5
2004-04-29,4.55
2004-04-30,4.53
2004-05-03,4.53
2004-05-04,4.56
2004-05-05,4.61
2004-05-06,4.63
2004-05-07,4.79
2004-05-10,4.81
2004-05-11,4.79
2004-05-12,4.83
2004-05-13,4.85
2004-05-14,4.79
2004-05-17,4.7
2004-05-18,4.74
2004-05-19,4.79
2004-05-20,4.72
2004-05-21,4.76
2004-05-24,4.75
2004-05-25,4.73
2004-05-26,4.67
2004-05-27,4.6
2004-05-28,4.66
2004-05-31,
2004-06-01,4.71
2004-06-02,4.74
2004-06-03,4.71
2004-06-04,4.78
2004-06-07,4.78
2004-06-08,4.78
2004-06-09,4.82
2004-06-10,4.81
2004-06-11,
2004-06-14,4.89
2004-06-15,4.69
2004-06-16,4.74
2004-06-17,4.71
2004-06-18,4.72
2004-06-21,4.7
2004-06-22,4.72
2004-06-23,4.71
2004-06-24,4.66
2004-06-25,4.66
2004-06-28,4.76
2004-06-29,4.7
2004-06-30,4.62
2004-07-01,4.57
2004-07-02,4.48
2004-07-05,
2004-07-06,4.49
2004-07-07,4.5
2004-07-08,4.49
2004-07-09,4.49
2004-07-12,4.46
2004-07-13,4.5
2004-07-14,4.5
2004-07-15,4.5
2004-07-16,4.38
2004-07-19,4.38
2004-07-20,4.47
2004-07-21,4.5
2004-07-22,4.48
2004-07-23,4.45
2004-07-26,4.49
2004-07-27,4.62
2004-07-28,4.61
2004-07-29,4.6
2004-07-30,4.5
2004-08-02,4.48
2004-08-03,4.45
2004-08-04,4.45
2004-08-05,4.43
2004-08-06,4.24
2004-08-09,4.28
2004-08-10,4.32
2004-08-11,4.3
2004-08-12,4.27
2004-08-13,4.22
2004-08-16,4.26
2004-08-17,4.21
2004-08-18,4.23
2004-08-19,4.22
2004-08-20,4.24
2004-08-23,4.28
2004-08-24,4.28
2004-08-25,4.26
2004-08-26,4.22
2004-08-27,4.23
2004-08-30,4.19
2004-08-31,4.13
2004-09-01,4.13
2004-09-02,4.2
2004-09-03,4.3
2004-09-06,
2004-09-07,4.26
2004-09-08,4.18
2004-09-09,4.22
2004-09-10,4.19
2004-09-13,4.16
2004-09-14,4.15
2004-09-15,4.18
2004-09-16,4.08
2004-09-17,4.14
2004-09-20,4.07
2004-09-21,4.05
2004-09-22,4.0
2004-09-23,4.02
2004-09-24,4.04
2004-09-27,4.01
2004-09-28,4.02
2004-09-29,4.1
2004-09-30,4.14
2004-10-01,4.21
2004-10-04,4.19
2004-10-05,4.18
2004-10-06,4.23
2004-10-07,4.26
2004-10-08,4.15
2004-10-11,
2004-10-12,4.12
2004-10-13,4.09
2004-10-14,4.03
2004-10-15,4.07
2004-10-18,4.07
2004-10-19,4.07
2004-10-20,4.01
2004-10-21,4.01
2004-10-22,4.0
2004-10-25,3.99
2004-10-26,4.01
2004-10-27,4.11
2004-10-28,4.09
2004-10-29,4.05
2004-11-01,4.11
2004-11-02,4.1
2004-11-03,4.09
2004-11-04,4.1
2004-11-05,4.21
2004-11-08,4.22
2004-11-09,4.22
2004-11-10,4.25
2004-11-11,
2004-11-12,4.2
2004-11-15,4.2
2004-11-16,4.21
2004-11-17,4.14
2004-11-18,4.12
2004-11-19,4.2
2004-11-22,4.18
2004-11-23,4.19
2004-11-24,4.2
2004-11-25,
2004-11-26,4.24
2004-11-29,4.34
2004-11-30,4.36
2004-12-01,4.38
2004-12-02,4.4
2004-12-03,4.27
2004-12-06,4.24
2004-12-07,4.23
2004-12-08,4.14
2004-12-09,4.19
2004-12-10,4.16
2004-12-13,4.16
2004-12-14,4.14
2004-12-15,4.09
2004-12-16,4.19
2004-12-17,4.21
2004-12-20,4.21
2004-12-21,4.18
2004-12-22,4.21
2004-12-23,4.23
2004-12-24,
2004-12-27,4.3
2004-12-28,4.31
2004-12-29,4.33
2004-12-30,4.27
2004-12-31,4.24
2005-01-03,4.23
2005-01-04,4.29
2005-01-05,4.29
2005-01-06,4.29
2005-01-07,4.29
2005-01-10,4.29
2005-01-11,4.26
2005-01-12,4.25
2005-01-13,4.2
2005-01-14,4.23
2005-01-17,
2005-01-18,4.21
2005-01-19,4.2
2005-01-20,4.17
2005-01-21,4.16
2005-01-24,4.14
2005-01-25,4.2
2005-01-26,4.21
2005-01-27,4.22
2005-01-28,4.16
2005-01-31,4.14
2005-02-01,4.15
2005-02-02,4.15
2005-02-03,4.18
2005-02-04,4.09
2005-02-07,4.07
2005-02-08,4.05
2005-02-09,4.0
2005-02-10,4.07
2005-02-11,4.1
2005-02-14,4.08
2005-02-15,4.1
2005-02-16,4.16
2005-02-17,4.19
2005-02-18,4.27
2005-02-21,
2005-02-22,4.29
2005-02-23,4.27
2005-02-24,4.29
2005-02-25,4.27
2005-02-28,4.36
2005-03-01,4.38
2005-03-02,4.38
2005-03-03,4.39
2005-03-04,4.32
2005-03-07,4.31
2005-03-08,4.38
2005-03-09,4.52
2005-03-10,4.48
2005-03-11,4.56
2005-03-14,4.52
2005-03-15,4.54
2005-03-16,4.52
2005-03-17,4.47
2005-03-18,4.51
2005-03-21,4.53
2005-03-22,4.63
2005-03-23,4.61
2005-03-24,4.6
2005-03-25,
2005-03-28,4.64
2005-03-29,4.6
2005-03-30,4.56
2005-03-31,4.5
2005-04-01,4.46
2005-04-04,4.47
2005-04-05,4.48
2005-04-06,4.44
2005-04-07,4.49
2005-04-08,4.5
2005-04-11,4.45
2005-04-12,4.38
2005-04-13,4.38
2005-04-14,4.37
2005-04-15,4.27
2005-04-18,4.27
2005-04-19,4.21
2005-04-20,4.22
2005-04-21,4.32
2005-04-22,4.26
2005-04-25,4.26
2005-04-26,4.28
2005-04-27,4.25
2005-04-28,4.19
2005-04-29,4.21
2005-05-02,4.21
2005-05-03,4.21
2005-05-04,4.2
2005-05-05,4.19
2005-05-06,4.28
2005-05-09,4.29
2005-05-10,4.23
2005-05-11,4.21
2005-05-12,4.18
2005-05-13,4.12
2005-05-16,4.13
2005-05-17,4.12
2005-05-18,4.07
2005-05-19,4.11
2005-05-20,4.13
2005-05-23,4.07
2005-05-24,4.04
2005-05-25,4.08
2005-05-26,4.08
2005-05-27,4.08
2005-05-30,
2005-05-31,4.0
2005-06-01,3.91
2005-06-02,3.89
2005-06-03,3.98
2005-06-06,3.96
2005-06-07,3.92
2005-06-08,3.95
2005-06-09,3.98
2005-06-10,4.05
2005-06-13,4.09
2005-06-14,4.13
2005-06-15,4.12
2005-06-16,4.09
2005-06-17,4.09
2005-06-20,4.11
2005-06-21,4.06
2005-06-22,3.95
2005-06-23,3.96
2005-06-24,3.92
2005-06-27,3.9
2005-06-28,3.97
2005-06-29,3.99
2005-06-30,3.94
2005-07-01,4.06
2005-07-04,
2005-07-05,4.11
2005-07-06,4.08
2005-07-07,4.05
2005-07-08,4.11
2005-07-11,4.11
2005-07-12,4.15
2005-07-13,4.17
2005-07-14,4.19
2005-07-15,4.18
2005-07-18,4.22
2005-07-19,4.2
2005-07-20,4.17
2005-07-21,4.28
2005-07-22,4.23
2005-07-25,4.25
2005-07-26,4.24
2005-07-27,4.27
2005-07-28,4.2
2005-07-29,4.28
2005-08-01,4.32
2005-08-02,4.34
2005-08-03,4.3
2005-08-04,4.32
2005-08-05,4.4
2005-08-08,4.42
2005-08-09,4.41
2005-08-10,4.4
2005-08-11,4.32
2005-08-12,4.24
2005-08-15,4.27
2005-08-16,4.23
2005-08-17,4.28
2005-08-18,4.21
2005-08-19,4.21
2005-08-22,4.22
2005-08-23,4.2
2005-08-24,4.19
2005-08-25,4.18
2005-08-26,4.2
2005-08-29,4.2
2005-08-30,4.16
2005-08-31,4.02
2005-09-01,4.02
2005-09-02,4.03
2005-09-05,
2005-09-06,4.09
2005-09-07,4.15
2005-09-08,4.15
2005-09-09,4.14
2005-09-12,4.18
2005-09-13,4.14
2005-09-14,4.17
2005-09-15,4.22
2005-09-16,4.26
2005-09-19,4.25
2005-09-20,4.26
2005-09-21,4.19
2005-09-22,4.19
2005-09-23,4.25
2005-09-26,4.3
2005-09-27,4.3
2005-09-28,4.26
2005-09-29,4.29
2005-09-30,4.34
2005-10-03,4.39
2005-10-04,4.38
2005-10-05,4.36
2005-10-06,4.37
2005-10-07,4.35
2005-10-10,
2005-10-11,4.39
2005-10-12,4.45
2005-10-13,4.48
2005-10-14,4.48
2005-10-17,4.5
2005-10-18,4.49
2005-10-19,4.47
2005-10-20,4.46
2005-10-21,4.39
2005-10-24,4.45
2005-10-25,4.54
2005-10-26,4.6
2005-10-27,4.57
2005-10-28,4.58
2005-10-31,4.57
2005-11-01,4.58
2005-11-02,4.61
2005-11-03,4.65
2005-11-04,4.66
2005-11-07,4.65
2005-11-08,4.57
2005-11-09,4.64
2005-11-10,4.55
2005-11-11,
2005-11-14,4.61
2005-11-15,4.56
2005-11-16,4.49
2005-11-17,4.46
2005-11-18,4.5
2005-11-21,4.46
2005-11-22,4.43
2005-11-23,4.47
2005-11-24,
2005-11-25,4.43
2005-11-28,4.41
2005-11-29,4.48
2005-11-30,4.49
2005-12-01,4.52
2005-12-02,4.52
2005-12-05,4.57
2005-12-06,4.49
2005-12-07,4.52
2005-12-08,4.47
2005-12-09,4.54
2005-12-12,4.56
2005-12-13,4.54
2005-12-14,4.45
2005-12-15,4.47
2005-12-16,4.45
2005-12-19,4.45
2005-12-20,4.47
2005-12-21,4.49
2005-12-22,4.44
2005-12-23,4.38
2005-12-26,
2005-12-27,4.34
2005-12-28,4.38
2005-12-29,4.37
2005-12-30,4.39
2006-01-02,
2006-01-03,4.37
2006-01-04,4.36
2006-01-05,4.36
2006-01-06,4.38
2006-01-09,4.38
2006-01-10,4.43
2006-01-11,4.46
2006-01-12,4.42
2006-01-13,4.36
2006-01-16,
2006-01-17,4.34
2006-01-18,4.34
2006-01-19,4.38
2006-01-20,4.37
2006-01-23,4.36
2006-01-24,4.4
2006-01-25,4.49
2006-01-26,4.53
2006-01-27,4.52
2006-01-30,4.54
2006-01-31,4.53
2006-02-01,4.57
2006-02-02,4.57
2006-02-03,4.54
2006-02-06,4.55
2006-02-07,4.57
2006-02-08,4.56
2006-02-09,4.54
2006-02-10,4.59
2006-02-13,4.58
2006-02-14,4.62
2006-02-15,4.61
2006-02-16,4.59
2006-02-17,4.54
2006-02-20,
2006-02-21,4.57
2006-02-22,4.53
2006-02-23,4.56
2006-02-24,4.58
2006-02-27,4.59
2006-02-28,4.55
2006-03-01,4.59
2006-03-02,4.64
2006-03-03,4.68
2006-03-06,4.74
2006-03-07,4.74
2006-03-08,4.73
2006-03-09,4.74
2006-03-10,4.76
2006-03-13,4.77
2006-03-14,4.71
2006-03-15,4.73
2006-03-16,4.65
2006-03-17,4.68
2006-03-20,4.66
2006-03-21,4.71
2006-03-22,4.7
2006-03-23,4.73
2006-03-24,4.67
2006-03-27,4.7
2006-03-28,4.79
2006-03-29,4.81
2006-03-30,4.86
2006-03-31,4.86
2006-04-03,4.88
2006-04-04,4.87
2006-04-05,4.84
2006-04-06,4.9
2006-04-07,4.97
2006-04-10,4.97
2006-04-11,4.93
2006-04-12,4.98
2006-04-13,5.05
2006-04-14,
2006-04-17,5.01
2006-04-18,4.99
2006-04-19,5.04
2006-04-20,5.04
2006-04-21,5.01
2006-04-24,4.99
2006-04-25,5.07
2006-04-26,5.12
2006-04-27,5.09
2006-04-28,5.07
2006-05-01,5.14
2006-05-02,5.12
2006-05-03,5.15
2006-05-04,5.16
2006-05-05,5.12
2006-05-08,5.12
2006-05-09,5.13
2006-05-10,5.13
2006-05-11,5.14
2006-05-12,5.19
2006-05-15,5.15
2006-05-16,5.1
2006-05-17,5.16
2006-05-18,5.08
2006-05-19,5.05
2006-05-22,5.04
2006-05-23,5.07
2006-05-24,5.03
2006-05-25,5.07
2006-05-26,5.06
2006-05-29,
2006-05-30,5.09
2006-05-31,5.12
2006-06-01,5.11
2006-06-02,5.0
2006-06-05,5.02
2006-06-06,5.01
2006-06-07,5.02
2006-06-08,5.0
2006-06-09,4.98
2006-06-12,4.99
2006-06-13,4.97
2006-06-14,5.05
2006-06-15,5.1
2006-06-16,5.13
2006-06-19,5.14
2006-06-20,5.15
2006-06-21,5.16
2006-06-22,5.2
2006-06-23,5.23
2006-06-26,5.25
2006-06-27,5.21
2006-06-28,5.25
2006-06-29,5.22
2006-06-30,5.15
2006-07-03,5.15
2006-07-04,
2006-07-05,5.23
2006-07-06,5.19
2006-07-07,5.14
2006-07-10,5.13
2006-07-11,5.1
2006-07-12,5.1
2006-07-13,5.08
2006-07-14,5.07
2006-07-17,5.07
2006-07-18,5.13
2006-07-19,5.06
2006-07-20,5.03
2006-07-21,5.05
2006-07-24,5.05
2006-07-25,5.07
2006-07-26,5.04
2006-07-27,5.07
2006-07-28,5.0
2006-07-31,4.99
2006-08-01,4.99
2006-08-02,4.96
2006-08-03,4.96
2006-08-04,4.91
2006-08-07,4.93
2006-08-08,4.93
2006-08-09,4.92
2006-08-10,4.93
2006-08-11,4.97
2006-08-14,5.0
2006-08-15,4.93
2006-08-16,4.87
2006-08-17,4.87
2006-08-18,4.84
2006-08-21,4.82
2006-08-22,4.82
2006-08-23,4.82
2006-08-24,4.81
2006-08-25,4.79
2006-08-28,4.8
2006-08-29,4.79
2006-08-30,4.76
2006-08-31,4.74
2006-09-01,4.73
2006-09-04,
2006-09-05,4.78
2006-09-06,4.8
2006-09-07,4.8
2006-09-08,4.78
2006-09-11,4.8
2006-09-12,4.78
2006-09-13,4.77
2006-09-14,4.79
2006-09-15,4.8
2006-09-18,4.81
2006-09-19,4.74
2006-09-20,4.73
2006-09-21,4.65
2006-09-22,4.6
2006-09-25,4.56
2006-09-26,4.59
2006-09-27,4.6
2006-09-28,4.63
2006-09-29,4.64
2006-10-02,4.62
2006-10-03,4.62
2006-10-04,4.57
2006-10-05,4.61
2006-10-06,4.7
2006-10-09,
2006-10-10,4.75
2006-10-11,4.78
2006-10-12,4.79
2006-10-13,4.81
2006-10-16,4.79
2006-10-17,4.78
2006-10-18,4.77
2006-10-19,4.79
2006-10-20,4.79
2006-10-23,4.83
2006-10-24,4.83
2006-10-25,4.78
2006-10-26,4.73
2006-10-27,4.68
2006-10-30,4.68
2006-10-31,4.61
2006-11-01,4.57
2006-11-02,4.6
2006-11-03,4.72
2006-11-06,4.71
2006-11-07,4.66
2006-11-08,4.64
2006-11-09,4.62
2006-11-10,4.59
2006-11-13,4.61
2006-11-14,4.57
2006-11-15,4.61
2006-11-16,4.66
2006-11-17,4.61
2006-11-20,4.6
2006-11-21,4.58
2006-11-22,4.57
2006-11-23,
2006-11-24,4.55
2006-11-27,4.54
2006-11-28,4.51
2006-11-29,4.52
2006-11-30,4.46
2006-12-01,4.43
2006-12-04,4.43
2006-12-05,4.45
2006-12-06,4.48
2006-12-07,4.49
2006-12-08,4.56
2006-12-11,4.52
2006-12-12,4.49
2006-12-13,4.58
2006-12-14,4.6
2006-12-15,4.6
2006-12-18,4.6
2006-12-19,4.6
2006-12-20,4.6
2006-12-21,4.55
2006-12-22,4.63
2006-12-25,
2006-12-26,4.61
2006-12-27,4.66
2006-12-28,4.7
2006-12-29,4.71
2007-01-01,
2007-01-02,4.68
2007-01-03,4.67
2007-01-04,4.62
2007-01-05,4.65
2007-01-08,4.66
2007-01-09,4.66
2007-01-10,4.69
2007-01-11,4.74
2007-01-12,4.77
2007-01-15,
2007-01-16,4.75
2007-01-17,4.79
2007-01-18,4.75
2007-01-19,4.78
2007-01-22,4.76
2007-01-23,4.81
2007-01-24,4.81
2007-01-25,4.87
2007-01-26,4.88
2007-01-29,4.9
2007-01-30,4.88
2007-01-31,4.83
2007-02-01,4.84
2007-02-02,4.83
2007-02-05,4.81
2007-02-06,4.77
2007-02-07,4.74
2007-02-08,4.73
2007-02-09,4.79
2007-02-12,4.8
2007-02-13,4.82
2007-02-14,4.74
2007-02-15,4.7
2007-02-16,4.69
2007-02-19,
2007-02-20,4.68
2007-02-21,4.69
2007-02-22,4.73
2007-02-23,4.68
2007-02-26,4.63
2007-02-27,4.5
2007-02-28,4.56
2007-03-01,4.56
2007-03-02,4.52
2007-03-05,4.51
2007-03-06,4.53
2007-03-07,4.5
2007-03-08,4.51
2007-03-09,4.59
2007-03-12,4.56
2007-03-13,4.5
2007-03-14,4.53
2007-03-15,4.54
2007-03-16,4.55
2007-03-19,4.58
2007-03-20,4.56
2007-03-21,4.53
2007-03-22,4.6
2007-03-23,4.62
2007-03-26,4.6
2007-03-27,4.62
2007-03-28,4.62
2007-03-29,4.64
2007-03-30,4.65
2007-04-02,4.65
2007-04-03,4.67
2007-04-04,4.66
2007-04-05,4.68
2007-04-06,4.76
2007-04-09,4.75
2007-04-10,4.73
2007-04-11,4.74
2007-04-12,4.74
2007-04-13,4.76
2007-04-16,4.74
2007-04-17,4.69
2007-04-18,4.66
2007-04-19,4.68
2007-04-20,4.68
2007-04-23,4.66
2007-04-24,4.63
2007-04-25,4.66
2007-04-26,4.69
2007-04-27,4.71
2007-04-30,4.63
2007-05-01,4.64
2007-05-02,4.65
2007-05-03,4.68
2007-05-04,4.65
2007-05-07,4.64
2007-05-08,4.63
2007-05-09,4.67
2007-05-10,4.65
2007-05-11,4.67
2007-05-14,4.69
2007-05-15,4.71
2007-05-16,4.71
2007-05-17,4.76
2007-05-18,4.81
2007-05-21,4.79
2007-05-22,4.83
2007-05-23,4.86
2007-05-24,4.86
2007-05-25,4.86
2007-05-28,
2007-05-29,4.88
2007-05-30,4.88
2007-05-31,4.9
2007-06-01,4.95
2007-06-04,4.93
2007-06-05,4.98
2007-06-06,4.97
2007-06-07,5.11
2007-06-08,5.12
2007-06-11,5.14
2007-06-12,5.26
2007-06-13,5.2
2007-06-14,5.23
2007-06-15,5.16
2007-06-18,5.15
2007-06-19,5.09
2007-06-20,5.14
2007-06-21,5.16
2007-06-22,5.14
2007-06-25,5.09
2007-06-26,5.1
2007-06-27,5.09
2007-06-28,5.12
2007-06-29,5.03
2007-07-02,5.0
2007-07-03,5.05
2007-07-04,
2007-07-05,5.16
2007-07-06,5.19
2007-07-09,5.16
2007-07-10,5.03
2007-07-11,5.09
2007-07-12,5.13
2007-07-13,5.11
2007-07-16,5.05
2007-07-17,5.08
2007-07-18,5.02
2007-07-19,5.04
2007-07-20,4.96
2007-07-23,4.97
2007-07-24,4.94
2007-07-25,4.92
2007-07-26,4.79
2007-07-27,4.8
2007-07-30,4.82
2007-07-31,4.78
2007-08-01,4.76
2007-08-02,4.77
2007-08-03,4.71
2007-08-06,4.72
2007-08-07,4.77
2007-08-08,4.84
2007-08-09,4.79
2007-08-10,4.81
2007-08-13,4.78
2007-08-14,4.73
2007-08-15,4.69
2007-08-16,4.6
2007-08-17,4.68
2007-08-20,4.64
2007-08-21,4.6
2007-08-22,4.63
2007-08-23,4.62
2007-08-24,4.63
2007-08-27,4.6
2007-08-28,4.53
2007-08-29,4.57
2007-08-30,4.51
2007-08-31,4.54
2007-09-03,
2007-09-04,4.56
2007-09-05,4.48
2007-09-06,4.51
2007-09-07,4.38
2007-09-10,4.34
2007-09-11,4.37
2007-09-12,4.41
2007-09-13,4.49
2007-09-14,4.47
2007-09-17,4.48
2007-09-18,4.5
2007-09-19,4.53
2007-09-20,4.69
2007-09-21,4.64
2007-09-24,4.63
2007-09-25,4.63
2007-09-26,4.63
2007-09-27,4.58
2007-09-28,4.59
2007-10-01,4.56
2007-10-02,4.54
2007-10-03,4.55
2007-10-04,4.54
2007-10-05,4.65
2007-10-08,
2007-10-09,4.67
2007-10-10,4.65
2007-10-11,4.66
2007-10-12,4.7
2007-10-15,4.69
2007-10-16,4.66
2007-10-17,4.57
2007-10-18,4.52
2007-10-19,4.41
2007-10-22,4.42
2007-10-23,4.41
2007-10-24,4.36
2007-10-25,4.37
2007-10-26,4.41
2007-10-29,4.39
2007-10-30,4.4
2007-10-31,4.48
2007-11-01,4.36
2007-11-02,4.31
2007-11-05,4.35
2007-11-06,4.38
2007-11-07,4.34
2007-11-08,4.28
2007-11-09,4.23
2007-11-12,
2007-11-13,4.26
2007-11-14,4.28
2007-11-15,4.17
2007-11-16,4.15
2007-11-19,4.07
2007-11-20,4.06
2007-11-21,4.0
2007-11-22,
2007-11-23,4.01
2007-11-26,3.83
2007-11-27,3.95
2007-11-28,4.03
2007-11-29,3.94
2007-11-30,3.97
2007-12-03,3.89
2007-12-04,3.89
2007-12-05,3.92
2007-12-06,4.02
2007-12-07,4.12
2007-12-10,4.15
2007-12-11,3.98
2007-12-12,4.05
2007-12-13,4.18
2007-12-14,4.24
2007-12-17,4.2
2007-12-18,4.14
2007-12-19,4.06
2007-12-20,4.04
2007-12-21,4.18
2007-12-24,4.23
2007-12-25,
2007-12-26,4.3
2007-12-27,4.21
2007-12-28,4.11
2007-12-31,4.04
2008-01-01,
2008-01-02,3.91
2008-01-03,3.91
2008-01-04,3.88
2008-01-07,3.86
2008-01-08,3.86
2008-01-09,3.82
2008-01-10,3.91
2008-01-11,3.82
2008-01-14,3.81
2008-01-15,3.72
2008-01-16,3.74
2008-01-17,3.66
2008-01-18,3.66
2008-01-21,
2008-01-22,3.52
2008-01-23,3.51
2008-01-24,3.68
2008-01-25,3.61
2008-01-28,3.61
2008-01-29,3.69
2008-01-30,3.78
2008-01-31,3.67
2008-02-01,3.62
2008-02-04,3.68
2008-02-05,3.61
2008-02-06,3.61
2008-02-07,3.74
2008-02-08,3.64
2008-02-11,3.62
2008-02-12,3.66
2008-02-13,3.7
2008-02-14,3.85
2008-02-15,3.76
2008-02-18,
2008-02-19,3.89
2008-02-20,3.93
2008-02-21,3.77
2008-02-22,3.79
2008-02-25,3.91
2008-02-26,3.88
2008-02-27,3.85
2008-02-28,3.71
2008-02-29,3.53
2008-03-03,3.54
2008-03-04,3.63
2008-03-05,3.7
2008-03-06,3.62
2008-03-07,3.56
2008-03-10,3.46
2008-03-11,3.6
2008-03-12,3.49
2008-03-13,3.56
2008-03-14,3.44
2008-03-17,3.34
2008-03-18,3.48
2008-03-19,3.38
2008-03-20,3.34
2008-03-21,
2008-03-24,3.56
2008-03-25,3.51
2008-03-26,3.51
2008-03-27,3.56
2008-03-28,3.47
2008-03-31,3.45
2008-04-01,3.57
2008-04-02,3.6
2008-04-03,3.61
2008-04-04,3.5
2008-04-07,3.57
2008-04-08,3.58
2008-04-09,3.49
2008-04-10,3.55
2008-04-11,3.49
2008-04-14,3.53
2008-04-15,3.6
2008-04-16,3.72
2008-04-17,3.75
2008-04-18,3.77
2008-04-21,3.75
2008-04-22,3.74
2008-04-23,3.77
2008-04-24,3.87
2008-04-25,3.91
2008-04-28,3.86
2008-04-29,3.85
2008-04-30,3.77
2008-05-01,3.78
2008-05-02,3.89
2008-05-05,3.88
2008-05-06,3.93
2008-05-07,3.87
2008-05-08,3.79
2008-05-09,3.77
2008-05-12,3.78
2008-05-13,3.9
2008-05-14,3.92
2008-05-15,3.83
2008-05-16,3.85
2008-05-19,3.83
2008-05-20,3.78
2008-05-21,3.81
2008-05-22,3.92
2008-05-23,3.85
2008-05-26,
2008-05-27,3.93
2008-05-28,4.03
2008-05-29,4.08
2008-05-30,4.06
2008-06-02,3.98
2008-06-03,3.92
2008-06-04,3.98
2008-06-05,4.06
2008-06-06,3.94
2008-06-09,4.02
2008-06-10,4.11
2008-06-11,4.1
2008-06-12,4.23
2008-06-13,4.27
2008-06-16,4.25
2008-06-17,4.23
2008-06-18,4.16
2008-06-19,4.22
2008-06-20,4.16
2008-06-23,4.19
2008-06-24,4.1
2008-06-25,4.12
2008-06-26,4.07
2008-06-27,3.99
2008-06-30,3.99
2008-07-01,4.01
2008-07-02,3.99
2008-07-03,3.99
2008-07-04,
2008-07-07,3.95
2008-07-08,3.91
2008-07-09,3.85
2008-07-10,3.83
2008-07-11,3.96
2008-07-14,3.9
2008-07-15,3.87
2008-07-16,3.97
2008-07-17,4.07
2008-07-18,4.11
2008-07-21,4.09
2008-07-22,4.14
2008-07-23,4.16
2008-07-24,4.03
2008-07-25,4.13
2008-07-28,4.06
2008-07-29,4.09
2008-07-30,4.07
2008-07-31,3.99
2008-08-01,3.97
2008-08-04,3.98
2008-08-05,4.04
2008-08-06,4.06
2008-08-07,3.92
2008-08-08,3.94
2008-08-11,3.99
2008-08-12,3.91
2008-08-13,3.94
2008-08-14,3.89
2008-08-15,3.84
2008-08-18,3.82
2008-08-19,3.83
2008-08-20,3.79
2008-08-21,3.84
2008-08-22,3.87
2008-08-25,3.79
2008-08-26,3.79
2008-08-27,3.77
2008-08-28,3.79
2008-08-29,3.83
2008-09-01,
2008-09-02,3.74
2008-09-03,3.71
2008-09-04,3.64
2008-09-05,3.66
2008-09-08,3.66
2008-09-09,3.62
2008-09-10,3.65
2008-09-11,3.64
2008-09-12,3.74
2008-09-15,3.47
2008-09-16,3.48
2008-09-17,3.41
2008-09-18,3.54
2008-09-19,3.78
2008-09-22,3.83
2008-09-23,3.85
2008-09-24,3.8
2008-09-25,3.88
2008-09-26,3.85
2008-09-29,3.61
2008-09-30,3.85
2008-10-01,3.77
2008-10-02,3.66
2008-10-03,3.63
2008-10-06,3.48
2008-10-07,3.5
2008-10-08,3.72
2008-10-09,3.84
2008-10-10,3.89
2008-10-13,
2008-10-14,4.08
2008-10-15,4.04
2008-10-16,3.99
2008-10-17,3.98
2008-10-20,3.91
2008-10-21,3.76
2008-10-22,3.65
2008-10-23,3.63
2008-10-24,3.76
2008-10-27,3.79
2008-10-28,3.89
2008-10-29,3.93
2008-10-30,4.0
2008-10-31,4.01
2008-11-03,3.96
2008-11-04,3.81
2008-11-05,3.73
2008-11-06,3.75
2008-11-07,3.83
2008-11-10,3.82
2008-11-11,
2008-11-12,3.75
2008-11-13,3.84
2008-11-14,3.72
2008-11-17,3.68
2008-11-18,3.53
2008-11-19,3.38
2008-11-20,3.1
2008-11-21,3.2
2008-11-24,3.35
2008-11-25,3.11
2008-11-26,2.99
2008-11-27,
2008-11-28,2.93
2008-12-01,2.72
2008-12-02,2.68
2008-12-03,2.67
2008-12-04,2.55
2008-12-05,2.67
2008-12-08,2.77
2008-12-09,2.67
2008-12-10,2.69
2008-12-11,2.64
2008-12-12,2.6
2008-12-15,2.53
2008-12-16,2.37
2008-12-17,2.2
2008-12-18,2.08
2008-12-19,2.13
2008-12-22,2.16
2008-12-23,2.18
2008-12-24,2.2
2008-12-25,
2008-12-26,2.16
2008-12-29,2.13
2008-12-30,2.11
2008-12-31,2.25
2009-01-01,
2009-01-02,2.46
2009-01-05,2.49
2009-01-06,2.51
2009-01-07,2.52
2009-01-08,2.47
2009-01-09,2.43
2009-01-12,2.34
2009-01-13,2.33
2009-01-14,2.24
2009-01-15,2.23
2009-01-16,2.36
2009-01-19,
2009-01-20,2.4
2009-01-21,2.56
2009-01-22,2.62
2009-01-23,2.65
2009-01-26,2.7
2009-01-27,2.59
2009-01-28,2.71
2009-01-29,2.87
2009-01-30,2.87
2009-02-02,2.76
2009-02-03,2.89
2009-02-04,2.95
2009-02-05,2.95
2009-02-06,3.05
2009-02-09,3.07
2009-02-10,2.9
2009-02-11,2.78
2009-02-12,2.75
2009-02-13,2.89
2009-02-16,
2009-02-17,2.64
2009-02-18,2.74
2009-02-19,2.85
2009-02-20,2.78
2009-02-23,2.78
2009-02-24,2.8
2009-02-25,2.95
2009-02-26,2.98
2009-02-27,3.02
2009-03-02,2.91
2009-03-03,2.93
2009-03-04,3.01
2009-03-05,2.83
2009-03-06,2.83
2009-03-09,2.89
2009-03-10,2.99
2009-03-11,2.95
2009-03-12,2.89
2009-03-13,2.89
2009-03-16,2.97
2009-03-17,3.02
2009-03-18,2.51
2009-03-19,2.61
2009-03-20,2.65
2009-03-23,2.68
2009-03-24,2.68
2009-03-25,2.81
2009-03-26,2.76
2009-03-27,2.78
2009-03-30,2.73
2009-03-31,2.71
2009-04-01,2.68
2009-04-02,2.77
2009-04-03,2.91
2009-04-06,2.95
2009-04-07,2.93
2009-04-08,2.86
2009-04-09,2.96
2009-04-10,
2009-04-13,2.88
2009-04-14,2.8
2009-04-15,2.82
2009-04-16,2.86
2009-04-17,2.98
2009-04-20,2.88
2009-04-21,2.94
2009-04-22,2.98
2009-04-23,2.96
2009-04-24,3.03
2009-04-27,2.95
2009-04-28,3.05
2009-04-29,3.12
2009-04-30,3.16
2009-05-01,3.21
2009-05-04,3.19
2009-05-05,3.2
2009-05-06,3.18
2009-05-07,3.29
2009-05-08,3.29
2009-05-11,3.17
2009-05-12,3.17
2009-05-13,3.11
2009-05-14,3.1
2009-05-15,3.14
2009-05-18,3.22
2009-05-19,3.25
2009-05-20,3.19
2009-05-21,3.35
2009-05-22,3.45
2009-05-25,
2009-05-26,3.5
2009-05-27,3.71
2009-05-28,3.67
2009-05-29,3.47
2009-06-01,3.71
2009-06-02,3.65
2009-06-03,3.56
2009-06-04,3.72
2009-06-05,3.84
2009-06-08,3.91
2009-06-09,3.86
2009-06-10,3.98
2009-06-11,3.88
2009-06-12,3.81
2009-06-15,3.76
2009-06-16,3.67
2009-06-17,3.68
2009-06-18,3.86
2009-06-19,3.79
2009-06-22,3.72
2009-06-23,3.65
2009-06-24,3.72
2009-06-25,3.55
2009-06-26,3.52
2009-06-29,3.51
2009-06-30,3.53
2009-07-01,3.55
2009-07-02,3.51
2009-07-03,
2009-07-06,3.52
2009-07-07,3.47
2009-07-08,3.33
2009-07-09,3.44
2009-07-10,3.32
2009-07-13,3.38
2009-07-14,3.5
2009-07-15,3.63
2009-07-16,3.59
2009-07-17,3.67
2009-07-20,3.61
2009-07-21,3.5
2009-07-22,3.58
2009-07-23,3.72
2009-07-24,3.7
2009-07-27,3.75
2009-07-28,3.72
2009-07-29,3.69
2009-07-30,3.67
2009-07-31,3.52
2009-08-03,3.66
2009-08-04,3.7
2009-08-05,3.8
2009-08-06,3.79
2009-08-07,3.89
2009-08-10,3.8
2009-08-11,3.71
2009-08-12,3.72
2009-08-13,3.59
2009-08-14,3.55
2009-08-17,3.48
2009-08-18,3.51
2009-08-19,3.45
2009-08-20,3.42
2009-08-21,3.56
2009-08-24,3.48
2009-08-25,3.45
2009-08-26,3.44
2009-08-27,3.47
2009-08-28,3.46
2009-08-31,3.4
2009-09-01,3.38
2009-09-02,3.29
2009-09-03,3.33
2009-09-04,3.45
2009-09-07,
2009-09-08,3.47
2009-09-09,3.48
2009-09-10,3.36
2009-09-11,3.34
2009-09-14,3.42
2009-09-15,3.47
2009-09-16,3.48
2009-09-17,3.42
2009-09-18,3.49
2009-09-21,3.49
2009-09-22,3.46
2009-09-23,3.44
2009-09-24,3.4
2009-09-25,3.34
2009-09-28,3.31
2009-09-29,3.31
2009-09-30,3.31
2009-10-01,3.21
2009-10-02,3.24
2009-10-05,3.24
2009-10-06,3.27
2009-10-07,3.21
2009-10-08,3.27
2009-10-09,3.4
2009-10-12,
2009-10-13,3.34
2009-10-14,3.45
2009-10-15,3.49
2009-10-16,3.43
2009-10-19,3.41
2009-10-20,3.35
2009-10-21,3.42
2009-10-22,3.44
2009-10-23,3.51
2009-10-26,3.59
2009-10-27,3.49
2009-10-28,3.44
2009-10-29,3.53
2009-10-30,3.41
2009-11-02,3.45
2009-11-03,3.5
2009-11-04,3.57
2009-11-05,3.57
2009-11-06,3.54
2009-11-09,3.52
2009-11-10,3.5
2009-11-11,
2009-11-12,3.45
2009-11-13,3.43
2009-11-16,3.33
2009-11-17,3.33
2009-11-18,3.36
2009-11-19,3.35
2009-11-20,3.36
2009-11-23,3.37
2009-11-24,3.32
2009-11-25,3.28
2009-11-26,
2009-11-27,3.21
2009-11-30,3.21
2009-12-01,3.28
2009-12-02,3.32
2009-12-03,3.39
2009-12-04,3.48
2009-12-07,3.44
2009-12-08,3.4
2009-12-09,3.45
2009-12-10,3.49
2009-12-11,3.55
2009-12-14,3.56
2009-12-15,3.6
2009-12-16,3.61
2009-12-17,3.5
2009-12-18,3.55
2009-12-21,3.69
2009-12-22,3.76
2009-12-23,3.77
2009-12-24,3.82
2009-12-25,
2009-12-28,3.85
2009-12-29,3.82
2009-12-30,3.8
2009-12-31,3.85
